year,month,day,HORA (HHMM),value
13,09,01,0100,184.0
13,09,02,1900,307.0
13,09,03,0000,311.0
13,09,04,2300,292.0
13,09,05,0100,229.0
13,09,06,2300,260.0
13,09,07,0100,222.0
13,09,08,1000,181.0
13,09,09,0600,213.0
13,09,10,1900,191.0
13,09,11,0700,247.0
13,09,12,2300,439.0
13,09,13,2200,540.0
13,09,14,2300,481.0
13,09,15,2100,497.0
13,09,16,0000,285.0
13,09,17,2300,187.0
13,09,18,0000,212.0
13,09,19,2300,121.0
13,09,20,2100,120.0
13,09,21,2100,209.0
13,09,22,2200,265.0
13,09,23,2200,291.0
13,09,24,2000,388.0
13,09,25,0600,232.0
13,09,26,2100,349.0
13,09,27,2300,394.0
13,09,28,0000,321.0
13,09,29,2300,304.0
13,09,30,0000,299.0
13,10,01,2100,133.0
13,10,02,2200,182.0
13,10,03,0600,194.0
13,10,04,1900,76.0
13,10,05,2000,86.0
13,10,06,2100,105.0
13,10,07,2100,185.0
13,10,08,0000,188.0
13,10,09,1800,61.0
13,10,10,2100,321.0
13,10,11,0000,175.0
13,10,12,0600,75.0
13,10,13,1900,91.0
13,10,14,1800,94.0
13,10,15,2000,81.0
13,10,16,0600,76.0
13,10,17,0000,65.0
13,10,18,2100,140.0
13,10,19,0100,47.0
13,10,20,1900,65.0
13,10,21,1900,94.0
13,10,22,2000,83.0
13,10,23,2300,281.0
13,10,24,0000,138.0
13,10,25,2000,61.0
13,10,26,2300,98.0
13,10,27,2200,106.0
13,10,28,2100,239.0
13,10,29,0600,108.0
13,10,30,0600,92.0
13,10,31,2300,74.0
13,11,01,0100,46.0
13,11,02,2200,152.0
13,11,03,2300,86.0
13,11,04,0100,99.0
13,11,05,0600,56.0
13,11,06,2000,37.0
13,11,07,2100,80.0
13,11,08,2100,312.0
13,11,09,0000,185.0
13,11,10,2200,58.0
13,11,11,2000,100.0
13,11,12,2200,130.0
13,11,13,0600,147.0
13,11,14,0100,69.0
13,11,15,1900,49.0
13,11,16,0200,62.0
13,11,17,2000,58.0
13,11,18,0800,41.0
13,11,19,2000,34.0
13,11,20,2000,38.0
13,11,21,2000,53.0
13,11,22,2000,47.0
13,11,23,2100,59.0
13,11,24,2300,126.0
13,11,25,0000,170.0
13,11,26,2200,89.0
13,11,27,2000,46.0
13,11,28,0600,35.0
13,11,29,2200,39.0
13,11,30,0100,42.0
13,12,01,1900,43.0
13,12,02,0700,42.0
13,12,03,2000,49.0
13,12,04,2100,51.0
13,12,05,0500,46.0
13,12,06,0000,40.0
13,12,07,2100,34.0
13,12,08,2300,36.0
13,12,09,0600,37.0
13,12,10,2300,41.0
13,12,11,0600,26.0
13,12,12,2100,34.0
13,12,13,0600,20.0
13,12,14,2100,17.0
13,12,15,2100,16.0
13,12,16,0600,23.0
13,12,17,2000,24.0
13,12,18,0600,17.0
13,12,19,0700,42.0
13,12,20,2200,14.0
13,12,21,0700,16.0
13,12,22,2200,30.0
13,12,23,2300,21.0
13,12,24,2000,19.0
13,12,25,2100,27.0
13,12,26,2000,17.0
13,12,27,1900,28.0
13,12,28,2100,30.0
13,12,29,2000,39.0
13,12,30,2000,20.0
13,12,31,2100,93.0
14,01,01,2100,43.0
14,01,02,2200,88.0
14,01,03,2100,40.0
14,01,04,0700,24.0
14,01,05,2000,19.0
14,01,06,1900,24.0
14,01,07,1900,22.0
14,01,08,2000,71.0
14,01,09,2100,27.0
14,01,10,2200,30.0
14,01,11,0200,22.0
14,01,12,0100,23.0
14,01,13,0700,12.0
14,01,14,2200,17.0
14,01,15,0500,14.0
14,01,16,2000,10.0
14,01,17,1900,34.0
14,01,18,0600,23.0
14,01,19,0000,11.0
14,01,20,2100,36.0
14,01,21,2100,35.0
14,01,22,2200,73.0
14,01,23,2000,103.0
14,01,24,0000,55.0
14,01,25,0000,29.0
14,01,26,1200,16.0
14,01,27,2100,25.0
14,01,28,0600,21.0
14,01,29,1600,55.0
14,01,30,1600,30.0
14,01,31,1600,28.0
14,02,01,2000,59.0
14,02,02,2200,28.0
14,02,03,2000,33.0
14,02,04,0800,64.0
14,02,05,2000,29.0
14,02,06,2000,53.0
14,02,07,1900,35.0
14,02,08,2100,30.0
14,02,09,2100,33.0
14,02,10,0600,59.0
14,02,11,2100,43.0
14,02,12,2100,112.0
14,02,13,0500,67.0
14,02,14,0600,88.0
14,02,15,0600,46.0
14,02,16,0700,33.0
14,02,17,0600,15.0
14,02,18,2200,76.0
14,02,19,2300,73.0
14,02,20,0600,43.0
14,02,21,2000,33.0
14,02,22,0700,26.0
14,02,23,2000,30.0
14,02,24,2100,151.0
14,02,25,0600,80.0
14,02,26,0600,48.0
14,02,27,1900,37.0
14,02,28,2000,124.0
14,03,01,0600,29.0
14,03,02,0600,27.0
14,03,03,0600,71.0
14,03,04,0800,41.0
14,03,05,1100,17.0
14,03,06,2000,38.0
14,03,07,0600,74.0
14,03,08,2100,42.0
14,03,09,1900,43.0
14,03,10,0600,84.0
14,03,11,0600,62.0
14,03,12,2000,106.0
14,03,13,0600,42.0
14,03,14,2100,93.0
14,03,15,1800,140.0
14,03,16,2000,112.0
14,03,17,2000,122.0
14,03,18,2300,157.0
14,03,19,0000,101.0
14,03,20,1900,66.0
14,03,21,1900,66.0
14,03,22,0800,30.0
14,03,23,2100,225.0
14,03,24,0000,153.0
14,03,25,0700,73.0
14,03,26,2000,91.0
14,03,27,1900,73.0
14,03,28,2100,154.0
14,03,29,1900,160.0
14,03,30,1900,99.0
14,03,31,2200,468.0
14,04,01,2300,457.0
14,04,02,2200,426.0
14,04,03,0900,328.0
14,04,04,2000,364.0
14,04,05,2200,293.0
14,04,06,2100,301.0
14,04,07,0700,260.0
14,04,08,0600,103.0
14,04,09,0600,191.0
14,04,10,2100,108.0
14,04,11,2200,376.0
14,04,12,0700,348.0
14,04,13,2000,113.0
14,04,14,0600,103.0
14,04,15,2000,74.0
14,04,16,1900,181.0
14,04,17,1600,101.0
14,04,18,1800,151.0
14,04,19,2300,209.0
14,04,20,2300,239.0
14,04,21,0200,290.0
14,04,22,2000,307.0
14,04,23,2100,183.0
14,04,24,2300,406.0
14,04,25,0800,329.0
14,04,26,0100,92.0
14,04,27,2100,202.0
14,04,28,2100,103.0
14,04,29,0100,131.0
14,04,30,1900,100.0
14,05,01,2100,302.0
14,05,02,0800,183.0
14,05,03,1700,176.0
14,05,04,2000,169.0
14,05,05,2300,139.0
14,05,06,1800,377.0
14,05,07,2200,262.0
14,05,08,1800,378.0
14,05,09,1900,173.0
14,05,10,2000,333.0
14,05,11,0800,142.0
14,05,12,2200,161.0
14,05,13,0000,145.0
14,05,14,2200,440.0
14,05,15,0000,336.0
14,05,16,2300,237.0
14,05,17,2200,328.0
14,05,18,0200,129.0
14,05,19,2100,152.0
14,05,20,2200,304.0
14,05,21,2300,455.0
14,05,22,0200,411.0
14,05,23,1800,92.0
14,05,24,0800,188.0
14,05,25,1200,105.0
14,05,26,1700,97.0
14,05,27,2300,401.0
14,05,28,0100,554.0
14,05,29,0100,179.0
14,05,30,1600,237.0
14,05,31,2200,318.0
14,06,01,2300,236.0
14,06,02,0000,221.0
14,06,03,1800,336.0
14,06,04,2100,469.0
14,06,05,0800,377.0
14,06,06,0100,242.0
14,06,07,2200,338.0
14,06,08,0200,193.0
14,06,09,1500,217.0
14,06,10,2300,373.0
14,06,11,0000,220.0
14,06,12,0800,208.0
14,06,13,1900,313.0
14,06,14,2100,253.0
14,06,15,0000,244.0
14,06,16,2000,945.0
14,06,17,0000,945.0
14,06,18,0000,945.0
14,06,19,0000,0.0
14,06,20,0000,0.0
14,06,21,,
14,06,22,,
14,06,23,1900,110.0
14,06,24,0100,78.0
14,06,25,2000,120.0
14,06,26,2100,91.0
14,06,27,2200,81.0
14,06,28,2100,180.0
14,06,29,2300,275.0
14,06,30,0000,241.0
14,07,01,2000,333.0
14,07,02,0100,184.0
14,07,03,2100,116.0
14,07,04,2100,407.0
14,07,05,0900,348.0
14,07,06,1900,111.0
14,07,07,1900,197.0
14,07,08,1700,153.0
14,07,09,0800,106.0
14,07,10,2200,82.0
14,07,11,1800,124.0
14,07,12,2000,79.0
14,07,13,2100,144.0
14,07,14,2000,111.0
14,07,15,2000,258.0
14,07,16,2200,225.0
14,07,17,0000,118.0
14,07,18,1800,175.0
14,07,19,2000,288.0
14,07,20,1900,345.0
14,07,21,2000,461.0
14,07,22,0800,406.0
14,07,23,0000,310.0
14,07,24,1900,274.0
14,07,25,1900,324.0
14,07,26,2300,475.0
14,07,27,0000,577.0
14,07,28,2100,396.0
14,07,29,2200,306.0
14,07,30,0000,284.0
14,07,31,2000,442.0
14,08,01,2000,333.0
14,08,02,0100,184.0
14,08,03,2100,116.0
14,08,04,2100,407.0
14,08,05,0900,348.0
14,08,06,1900,111.0
14,08,07,1900,197.0
14,08,08,1700,153.0
14,08,09,0800,106.0
14,08,10,2200,82.0
14,08,11,1800,124.0
14,08,12,2000,79.0
14,08,13,2100,144.0
14,08,14,2000,111.0
14,08,15,2000,258.0
14,08,16,2200,225.0
14,08,17,0000,118.0
14,08,18,1800,175.0
14,08,19,2000,288.0
14,08,20,1900,345.0
14,08,21,2000,461.0
14,08,22,0800,406.0
14,08,23,0000,310.0
14,08,24,1900,274.0
14,08,25,1900,324.0
14,08,26,2300,475.0
14,08,27,0000,577.0
14,08,28,2100,396.0
14,08,29,2200,306.0
14,08,30,0000,284.0
14,08,31,2000,442.0
14,09,01,0000,396.0
14,09,02,0200,325.0
14,09,03,0000,283.0
14,09,04,2100,516.0
14,09,05,0000,376.0
14,09,06,2000,92.0
14,09,07,0000,154.0
14,09,08,0800,177.0
14,09,09,1900,103.0
14,09,10,2000,82.0
14,09,11,0600,109.0
14,09,12,1800,82.0
14,09,13,0800,75.0
14,09,14,1900,57.0
14,09,15,0700,73.0
14,09,16,2300,54.0
14,09,17,1900,58.0
14,09,18,2200,92.0
14,09,19,2100,121.0
14,09,20,2100,233.0
14,09,21,0100,111.0
14,09,22,2000,110.0
14,09,23,0600,131.0
14,09,24,1900,113.0
14,09,25,1900,111.0
14,09,26,0600,229.0
14,09,27,2200,210.0
14,09,28,0000,110.0
14,09,29,0700,129.0
14,09,30,2200,409.0
14,10,01,2000,343.0
14,10,02,0600,283.0
14,10,03,0600,272.0
14,10,04,2100,54.0
14,10,05,1900,61.0
14,10,06,2100,80.0
14,10,07,0600,279.0
14,10,08,2000,190.0
14,10,09,2100,70.0
14,10,10,0000,90.0
14,10,11,2200,70.0
14,10,12,1600,71.0
14,10,13,2000,102.0
14,10,14,2200,177.0
14,10,15,1900,96.0
14,10,16,2100,85.0
14,10,17,1800,147.0
14,10,18,2300,125.0
14,10,19,1900,132.0
14,10,20,1000,106.0
14,10,21,0700,132.0
14,10,22,1900,71.0
14,10,23,0600,188.0
14,10,24,0600,42.0
14,10,25,2000,49.0
14,10,26,0100,37.0
14,10,27,2000,48.0
14,10,28,2000,68.0
14,10,29,2100,118.0
14,10,30,2200,168.0
14,10,31,2100,157.0
14,11,01,0000,291.408
14,11,02,0000,281.617
14,11,03,0000,154.325
14,11,04,1900,61.7667
14,11,05,1900,65.3224
14,11,06,2100,102.031
14,11,07,1800,47.145
14,11,08,2000,41.1833
14,11,09,2000,43.45
14,11,10,2000,47.2108
14,11,11,2000,42.1117
14,11,12,0200,31.7633
14,11,13,2000,27.4525
14,11,14,2000,23.0383
14,11,15,2200,54.6667
14,11,16,0100,22.7567
14,11,17,1800,62.1992
14,11,18,2000,38.8517
14,11,19,2100,44.2833
14,11,20,2300,62.4925
14,11,21,0000,47.2491
14,11,22,2200,72.948
14,11,23,0200,45.3842
14,11,24,2100,28.7917
14,11,25,2200,32.5358
14,11,26,2200,93.0933
14,11,27,0600,60.43
14,11,28,2000,89.2333
14,11,29,2000,45.1333
14,11,30,2000,46.1292
14,12,01,2200,41.7308
14,12,02,0500,42.0083
14,12,03,2200,38.4399
14,12,04,0600,31.1658
14,12,05,0800,28.8208
14,12,06,2200,32.4275
14,12,07,2200,25.3833
14,12,08,1900,33.2875
14,12,09,2100,109.767
14,12,10,0100,90.6958
14,12,11,2100,59.1299
14,12,12,0500,50.7733
14,12,13,2100,47.3842
14,12,14,2200,35.0875
14,12,15,2100,22.2367
14,12,16,2200,20.6033
14,12,17,0600,27.5483
14,12,18,1900,86.0625
14,12,19,2100,48.8849
14,12,20,2200,56.3567
14,12,21,2100,64.459
14,12,22,0000,38.3617
14,12,23,0900,19.4333
14,12,24,2000,39.4358
14,12,25,1900,28.3717
14,12,26,2000,37.1308
14,12,27,1000,33.96
14,12,28,1100,52.3008
14,12,29,2100,39.79
14,12,30,2000,64.5
14,12,31,2300,58.3857
15,01,01,2200,94.0
15,01,02,2200,34.0
15,01,03,0600,31.0
15,01,04,1800,24.0
15,01,05,2000,22.0
15,01,06,2000,25.0
15,01,07,2000,25.0
15,01,08,2100,24.0
15,01,09,2200,18.0
15,01,10,1900,30.0
15,01,11,2300,42.0
15,01,12,0100,43.0
15,01,13,2100,27.0
15,01,14,0600,33.0
15,01,15,2100,16.0
15,01,16,2200,45.0
15,01,17,0700,11.0
15,01,18,2000,71.0
15,01,19,0600,25.0
15,01,20,2100,40.0
15,01,21,0600,30.0
15,01,22,0600,28.0
15,01,23,2000,13.0
15,01,24,2200,10.0
15,01,25,0600,11.0
15,01,26,2000,23.0
15,01,27,0800,47.0
15,01,28,2300,33.0
15,01,29,2200,41.0
15,01,30,0600,13.0
15,01,31,2000,19.0
15,02,01,2000,25.0
15,02,02,0600,26.0
15,02,03,0600,55.0
15,02,04,2300,16.0
15,02,05,0800,17.0
15,02,06,2300,58.0
15,02,07,0600,25.0
15,02,08,2100,34.0
15,02,09,1800,21.0
15,02,10,1900,20.0
15,02,11,2000,44.0
15,02,12,2100,49.0
15,02,13,2100,51.0
15,02,14,2100,30.0
15,02,15,0100,48.0
15,02,16,2100,48.0
15,02,17,2200,56.0
15,02,18,0600,69.0
15,02,19,0600,28.0
15,02,20,0600,32.0
15,02,21,2200,119.0
15,02,22,0000,83.0
15,02,23,2200,23.0
15,02,24,0600,67.0
15,02,25,0600,90.0
15,02,26,2300,17.0
15,02,27,0600,73.0
15,02,28,2300,27.0
15,03,01,0000,27.0
15,03,02,0800,29.0
15,03,03,1000,31.0
15,03,04,1900,38.0
15,03,05,2200,41.0
15,03,06,1900,122.0
15,03,07,2100,81.0
15,03,08,2200,79.0
15,03,09,0600,178.0
15,03,10,0700,39.0
15,03,11,2100,164.0
15,03,12,0700,80.0
15,03,13,1900,38.0
15,03,14,1900,35.0
15,03,15,2100,91.0
15,03,16,0800,130.0
15,03,17,2000,71.0
15,03,18,2100,55.0
15,03,19,2000,89.0
15,03,20,1900,87.0
15,03,21,2100,205.0
15,03,22,2100,311.0
15,03,23,0700,239.0
15,03,24,0700,220.0
15,03,25,2000,332.0
15,03,26,0800,169.0
15,03,27,0000,131.0
15,03,28,1800,84.0
15,03,29,2000,54.0
15,03,30,2000,50.0
15,03,31,2100,114.0
15,04,01,2100,69.0
15,04,02,1800,65.0
15,04,03,2000,143.508
15,04,04,2300,148.492
15,04,05,2100,454.283
15,04,06,1900,428.875
15,04,07,0800,240.842
15,04,08,0000,149.658
15,04,09,2100,65.1266
15,04,10,2100,298.133
15,04,11,0700,161.875
15,04,12,1900,153.992
15,04,13,2100,171.883
15,04,14,2200,265.783
15,04,15,2300,334.325
15,04,16,0000,321.3
15,04,17,2100,129.525
15,04,18,1000,146.508
15,04,19,2300,107.746
15,04,20,2000,87.5724
15,04,21,0700,56.3932
15,04,22,0700,33.6274
15,04,23,2200,32.5008
15,04,24,1900,45.2175
15,04,25,1800,79.8766
15,04,26,2300,119.933
15,04,27,1800,162.108
15,04,28,2000,193.698
15,04,29,0000,130.75
15,04,30,2300,39.2333
15,05,01,2300,116.151
15,05,02,0000,104.458
15,05,03,2300,25.2717
15,05,04,1900,71.0132
15,05,05,0700,236.833
15,05,06,0000,216.458
15,05,07,2300,243.458
15,05,08,0000,183.617
15,05,09,2200,118.608
15,05,10,0800,93.3507
15,05,11,2100,143.592
15,05,12,0800,93.6425
15,05,13,0700,29.9683
15,05,14,1100,36.0258
15,05,15,1800,53.6558
15,05,16,2200,49.6583
15,05,17,2300,71.2291
15,05,18,1800,163.292
15,05,19,1900,126.442
15,05,20,0000,47.0667
15,05,21,2200,12.1112
15,05,22,2000,27.6875
15,05,23,0800,62.0
15,05,24,1600,48.0
15,05,25,2200,158.0
15,05,26,1900,298.8
15,05,27,2100,366.0
15,05,28,0800,202.0
15,05,29,1800,107.3
15,05,30,1900,193.2
15,05,31,2000,204.4
15,06,01,0800,128.0
15,06,02,1900,375.5
15,06,03,2000,186.2
15,06,04,1900,339.8
15,06,05,0700,180.6
15,06,06,0800,163.0
15,06,07,1900,564.196
15,06,08,0800,534.3
15,06,09,0800,506.8
15,06,10,1300,74.0099
15,06,11,0700,144.0
15,06,12,2200,149.7
15,06,13,0000,178.7
15,06,14,2000,42.09
15,06,15,0900,68.58
15,06,16,0900,93.7
15,06,17,2100,160.0
15,06,18,2200,328.3
15,06,19,2300,429.1
15,06,20,0000,243.1
15,06,21,1900,97.1
15,06,22,2100,555.396
15,06,23,2200,721.1
15,06,24,0800,883.0
15,06,25,0000,496.7
15,06,26,1900,391.8
15,06,27,0000,82.5
15,06,28,1900,34.62
15,06,29,2300,99.7997
15,06,30,0000,187.8
15,07,01,1800,174.8
15,07,02,1000,310.3
15,07,03,2000,389.1
15,07,04,0900,960.0
15,07,05,0100,446.8
15,07,06,0000,250.8
15,07,07,0900,406.0
15,07,08,1000,320.7
15,07,09,0700,285.9
15,07,10,0900,134.8
15,07,11,1800,109.4
15,07,12,0800,105.2
15,07,13,0800,126.0
15,07,14,2100,103.0
15,07,15,0900,343.6
15,07,16,1800,264.1
15,07,17,1400,100.5
15,07,18,2200,160.7
15,07,19,1900,57.5099
15,07,20,0900,110.7
15,07,21,1900,112.7
15,07,22,0700,121.5
15,07,23,2300,129.9
15,07,24,1900,204.1
15,07,25,1000,280.5
15,07,26,2300,202.7
15,07,27,1800,185.4
15,07,28,0800,181.3
15,07,29,0800,327.3
15,07,30,1900,242.4
15,07,31,2100,313.1
15,08,01,1900,239.7
15,08,02,0900,157.9
15,08,03,2100,158.9
15,08,04,2100,268.9
15,08,05,2100,158.9
15,08,06,0800,284.9
15,08,07,2300,246.8
15,08,08,2000,271.5
15,08,09,0900,315.4
15,08,10,0700,406.0
15,08,11,2300,160.9
15,08,12,2200,716.0
15,08,13,0000,381.0
15,08,14,2100,120.8
15,08,15,0000,60.4399
15,08,16,1700,82.0
15,08,17,2100,280.6
15,08,18,0700,210.5
15,08,19,0700,315.8
15,08,20,1900,615.897
15,08,21,1900,428.8
15,08,22,2200,121.5
15,08,23,1700,192.2
15,08,24,2000,385.7
15,08,25,1900,265.2
15,08,26,0700,212.9
15,08,27,0800,273.7
15,08,28,2300,121.5
15,08,29,0800,53.59
15,08,30,2300,199.6
15,08,31,0700,315.7
15,09,01,0100,268.0
15,09,02,2000,99.7997
15,09,03,0700,134.1
15,09,04,2200,103.9
15,09,05,1800,53.0699
15,09,06,1900,111.1
15,09,07,0700,85.6
15,09,08,2200,370.4
15,09,09,0000,138.0
15,09,10,0700,107.3
15,09,11,2100,137.5
15,09,12,0000,69.9397
15,09,13,1900,40.4399
15,09,14,2100,243.5
15,09,15,0600,454.3
15,09,16,1900,44.34
15,09,17,2000,110.7
15,09,18,2100,41.42
15,09,19,0100,91.7997
15,09,20,0700,95.7997
15,09,21,0700,503.6
15,09,22,2000,777.8
15,09,23,2100,286.5
15,09,24,0900,201.0
15,09,25,0700,230.9
15,09,26,2300,63.49
15,09,27,1900,72.6598
15,09,28,0600,172.5
15,09,29,1900,135.1
15,09,30,2000,93.7
15,10,01,0700,298.8
15,10,02,2000,524.1
15,10,03,2300,472.6
15,10,04,0000,414.2
15,10,05,0600,66.1897
15,10,06,0600,88.5
15,10,07,2100,81.7
15,10,08,0600,253.1
15,10,09,2000,324.6
15,10,10,2200,297.1
15,10,11,0100,165.7
15,10,12,0900,124.3
15,10,13,0600,100.1
15,10,14,2000,61.89
15,10,15,2100,78.72
15,10,16,0600,88.6
15,10,17,2200,119.2
15,10,18,2100,38.33
15,10,19,1700,46.34
15,10,20,2000,33.95
15,10,21,1900,239.3
15,10,22,0700,222.0
15,10,23,0600,27.16
15,10,24,2300,141.6
15,10,25,0000,110.0
15,10,26,2000,41.42
15,10,27,2100,109.3
15,10,28,2000,42.09
15,10,29,2100,35.3
15,10,30,2100,83.5
15,10,31,2100,105.9
15,11,01,2300,65.85
15,11,02,2200,40.54
15,11,03,2000,92.2997
15,11,04,0600,72.62
15,11,05,1800,448.6
15,11,06,0600,47.87
15,11,07,2000,20.37
15,11,08,2000,25.68
15,11,09,0600,73.3197
15,11,10,2100,157.6
15,11,11,0600,15.63
15,11,12,1800,22.41
15,11,13,0900,16.31
15,11,14,2200,24.44
15,11,15,2300,44.49
15,11,16,0700,41.73
15,11,17,2100,104.3
15,11,18,1900,51.61
15,11,19,1900,41.42
15,11,20,2100,68.9297
15,11,21,0000,102.0
15,11,22,0200,60.39
15,11,23,2100,38.03
15,11,24,0000,47.53
15,11,25,2000,32.59
15,11,26,0600,38.58
15,11,27,2200,28.53
15,11,28,2000,48.91
15,11,29,0000,17.65
15,11,30,2000,42.78
15,12,01,2100,101.9
15,12,02,0800,37.5099
15,12,03,2100,14.53
15,12,04,2100,26.99
15,12,05,0100,35.31
15,12,06,2000,41.42
15,12,07,2200,43.14
15,12,08,2000,20.37
15,12,09,0600,20.37
15,12,10,0800,16.97
15,12,11,0700,24.44
15,12,12,2100,29.19
15,12,13,2000,42.09
15,12,14,2200,63.14
15,12,15,2100,22.13
15,12,16,2100,42.09
15,12,17,2300,52.52
15,12,18,0000,66.5298
15,12,19,2200,14.93
15,12,20,1900,26.48
15,12,21,0800,31.91
15,12,22,2100,29.19
15,12,23,0800,31.58
15,12,24,2000,59.74
15,12,25,1300,35.65
15,12,26,1100,29.52
15,12,27,2100,24.49
15,12,28,2000,39.4
15,12,29,2000,20.68
15,12,30,2200,53.97
15,12,31,2200,43.46
16,01,01,0000,62.47
16,01,02,2000,23.41
16,01,03,0600,18.33
16,01,04,2300,74.6897
16,01,05,0000,48.21
16,01,06,2200,21.73
16,01,07,0600,27.52
16,01,08,0600,22.2
16,01,09,2100,10.51
16,01,10,0000,10.86
16,01,11,1300,9.50998
16,01,12,0900,10.86
16,01,13,1200,2.716
16,01,14,0400,6.78999
16,01,15,2000,13.6
16,01,16,2000,24.04
16,01,17,2100,12.38
16,01,18,0600,16.97
16,01,19,2100,37.35
16,01,20,0600,43.68
16,01,21,0600,36.25
16,01,22,2100,17.65
16,01,23,1800,12.9
16,01,24,2000,21.73
16,01,25,2000,22.08
16,01,26,0600,64.6499
16,01,27,0600,26.48
16,01,28,0000,12.8
16,01,29,2300,43.6299
16,01,30,2100,37.2599
16,01,31,0600,25.38
16,02,01,0600,35.31
16,02,02,0600,44.46
16,02,03,2000,15.27
16,02,04,2100,148.7
16,02,05,0000,79.4397
16,02,06,2200,92.7
16,02,07,0000,35.5
16,02,08,0700,42.1
16,02,09,1100,9.17
16,02,10,0200,14.94
16,02,11,0600,10.19
16,02,12,2000,29.2
16,02,13,2000,15.75
16,02,14,1900,12.13
16,02,15,1900,12.9
16,02,16,2000,21.73
16,02,17,2000,20.69
16,02,18,0900,13.23
16,02,19,0800,17.64
16,02,20,2000,56.34
16,02,21,0100,22.4
16,02,22,2200,54.3199
16,02,23,0600,38.71
16,02,24,0900,23.09
16,02,25,2100,29.19
16,02,26,0700,24.78
16,02,27,2100,60.7
16,02,28,2000,51.93
16,02,29,0600,91.2997
16,03,01,0600,58.03
16,03,02,0600,95.0
16,03,03,0700,22.4
16,03,04,0600,22.64
16,03,05,2100,37.37
16,03,06,2100,25.19
16,03,07,0600,36.66
16,03,08,2100,57.72
16,03,09,0600,100.5
16,03,10,0600,43.11
16,03,11,0600,63.83
16,03,12,2100,112.7
16,03,13,2300,78.08
16,03,14,0600,65.1698
16,03,15,2000,65.1797
16,03,16,2200,74.0
16,03,17,0700,45.49
16,03,18,0700,22.4
16,03,19,0600,55.67
16,03,20,2100,27.84
16,03,21,1900,26.48
16,03,22,0800,16.3
16,03,23,2100,63.8199
16,03,24,0700,84.8999
16,03,25,2000,285.0
16,03,26,0800,107.9
16,03,27,0100,59.41
16,03,28,2300,67.4297
16,03,29,0800,156.8
16,03,30,0000,62.46
16,03,31,2100,93.7
16,04,01,2200,102.1
16,04,02,2100,50.92
16,04,03,2100,67.21
16,04,04,2100,115.4
16,04,05,2100,360.0
16,04,06,0600,105.9
16,04,07,0700,164.3
16,04,08,2200,286.5
16,04,09,2000,422.9
16,04,10,2100,336.0
16,04,11,2000,519.897
16,04,12,0800,321.5
16,04,13,0800,122.2
16,04,14,0700,199.6
16,04,15,1900,108.3
16,04,16,2100,150.4
16,04,17,2000,308.2
16,04,18,0700,133.1
16,04,19,0700,66.8799
16,04,20,0000,59.0699
16,04,21,2100,131.8
16,04,22,0700,250.5
16,04,23,0100,301.8
16,04,24,1900,323.2
16,04,25,1900,607.6
16,04,26,2200,812.0
16,04,27,2000,893.0
16,04,28,0000,393.8
16,04,29,1900,685.697
16,04,30,0800,401.9
16,05,01,2200,828.0
16,05,02,0800,948.0
16,05,03,2100,687.0
16,05,04,1900,688.397
16,05,05,1900,712.3
16,05,06,0900,706.397
16,05,07,2000,520.697
16,05,08,0100,101.8
16,05,09,0700,114.1
16,05,10,1700,103.2
16,05,11,1900,105.2
16,05,12,2200,381.5
16,05,13,1000,181.9
16,05,14,1700,103.2
16,05,15,2200,246.4
16,05,16,0700,192.8
16,05,17,2000,552.0
16,05,18,2300,148.0
16,05,19,2000,763.1
16,05,20,2100,1038.0
16,05,21,2100,868.0
16,05,22,2200,914.0
16,05,23,0800,703.3
16,05,24,0800,913.0
16,05,25,0000,108.0
16,05,26,2100,104.5
16,05,27,1900,603.1
16,05,28,2100,1110.0
16,05,29,2200,737.197
16,05,30,2300,624.0
16,05,31,0000,318.9
16,06,01,2100,520.0
16,06,02,2100,691.698
16,06,03,2100,662.6
16,06,04,0800,357.1
16,06,05,2300,73.3198
16,06,06,2000,119.5
16,06,07,0200,205.0
16,06,08,0800,177.9
16,06,09,1900,404.0
16,06,10,0900,357.0
16,06,11,2000,314.4
16,06,12,1800,298.7
16,06,13,2100,245.8
16,06,14,2100,162.9
16,06,15,2200,125.6
16,06,16,0800,93.0
16,06,17,2000,460.3
16,06,18,1900,517.3
16,06,19,2300,771.198
16,06,20,0100,655.8
16,06,21,0700,228.0
16,06,22,2100,434.5
16,06,23,2100,518.698
16,06,24,2200,112.7
16,06,25,2100,114.1
16,06,26,2100,446.7
16,06,27,1900,746.8
16,06,28,0800,695.198
16,06,29,0900,117.6
16,06,30,2100,352.9
16,07,01,2200,463.2
16,07,02,1800,685.698
16,07,03,2000,500.3
16,07,04,2000,46.87
16,07,05,2200,158.2
16,07,06,0900,89.6
16,07,07,2100,89.0
16,07,08,1800,130.3
16,07,09,1800,133.1
16,07,10,1800,255.3
16,07,11,0000,261.4
16,07,12,2100,390.1
16,07,13,1900,191.4
16,07,14,0800,104.0
16,07,15,0800,245.1
16,07,16,1300,131.7
16,07,17,2100,558.198
16,07,18,2100,334.0
16,07,19,2000,664.398
16,07,20,0000,319.8
16,07,21,2000,398.8
16,07,22,0900,222.6
16,07,23,1900,529.5
16,07,24,0300,359.4
16,07,25,2000,369.3
16,07,26,2100,717.6
16,07,27,2000,207.1
16,07,28,1900,310.1
16,07,29,2300,502.4
16,07,30,1900,646.898
16,07,31,2200,666.698
16,08,01,0100,731.698
16,08,02,2000,616.398
16,08,03,0100,516.0
16,08,04,0000,226.9
16,08,05,0700,107.3
16,08,06,2000,211.8
16,08,07,0000,201.6
16,08,08,2000,62.91
16,08,09,1900,86.8999
16,08,10,2000,320.6
16,08,11,0100,92.2998
16,08,12,2200,448.1
16,08,13,2200,160.2
16,08,14,0000,194.2
16,08,15,2100,270.9
16,08,16,0800,412.8
16,08,17,0700,266.1
16,08,18,0600,143.9
16,08,19,0600,418.2
16,08,20,1800,104.7
16,08,21,2000,41.43
16,08,22,1900,110.0
16,08,23,2200,130.1
16,08,24,1900,367.3
16,08,25,2200,305.5
16,08,26,0000,161.8
16,08,27,2100,310.0
16,08,28,0100,281.7
16,08,29,1800,191.4
16,08,30,1900,155.4
16,08,31,0700,127.6
16,09,01,2100,181.2
16,09,02,2000,482.7
16,09,03,2300,691.8
16,09,04,0000,653.8
16,09,05,2100,420.9
16,09,06,0600,208.8
16,09,07,1400,532.399
16,09,08,2200,198.3
16,09,09,0700,207.8
16,09,10,2300,294.7
16,09,11,0000,300.6
16,09,12,0700,88.2998
16,09,13,1900,80.1
16,09,14,0100,75.48
16,09,15,1900,76.73
16,09,16,2000,190.3
16,09,17,2000,353.4
16,09,18,2100,400.8
16,09,19,0100,224.1
16,09,20,2200,80.1
16,09,21,0600,115.5
16,09,22,2100,198.9
16,09,23,2200,276.4
16,09,24,2200,520.1
16,09,25,0000,259.4
16,09,26,2300,163.7
16,09,27,2200,239.3
16,09,28,0700,374.8
16,09,29,0600,207.8
16,09,30,2000,103.2
16,10,01,2200,122.2
16,10,02,2300,376.2
16,10,03,0000,231.5
16,10,04,0600,185.5
16,10,05,0600,88.9
16,10,06,0700,69.9301
16,10,07,2300,149.4
16,10,08,0000,82.8
16,10,09,0000,58.39
16,10,10,1900,39.76
16,10,11,2100,70.61
16,10,12,2000,71.97
16,10,13,1700,32.59
16,10,14,2100,186.7
16,10,15,0000,140.5
16,10,16,0000,145.2
16,10,17,1900,80.8
16,10,18,0600,171.1
16,10,19,2200,142.1
16,10,20,0600,55.65
16,10,21,2100,116.6
16,10,22,2200,124.2
16,10,23,1900,90.7
16,10,24,0100,57.03
16,10,25,2300,48.05
16,10,26,0500,50.24
16,10,27,0600,72.65
16,10,28,1900,41.98
16,10,29,2100,23.29
16,10,30,2100,27.84
16,10,31,2000,58.39
16,11,01,1900,19.01
16,11,02,2000,25.8
16,11,03,0700,47.52
16,11,04,2200,84.8
16,11,05,0100,50.24
16,11,06,2100,86.9
16,11,07,2100,76.04
16,11,08,2300,126.6
16,11,09,2200,27.16
16,11,10,2000,36.66
16,11,11,0800,39.9
16,11,12,2000,31.23
16,11,13,1700,44.81
16,11,14,2100,52.95
16,11,15,2000,116.0
16,11,16,2200,116.8
16,11,17,0500,41.39
16,11,18,2200,92.7
16,11,19,2100,27.52
16,11,20,2100,106.9
16,11,21,0600,53.63
16,11,22,0600,32.59
16,11,23,0400,8.14999
16,11,24,2300,14.26
16,11,25,2000,17.38
16,11,26,2200,32.84
16,11,27,0200,12.85
16,11,28,2100,27.16
16,11,29,2100,17.65
16,11,30,0600,16.29
16,12,01,2100,13.63
16,12,02,2300,38.06
16,12,03,2300,79.45
16,12,04,2300,57.04
16,12,05,2000,28.52
16,12,06,0600,35.99
16,12,07,2100,28.52
16,12,08,0000,10.32
16,12,09,1900,32.59
16,12,10,0600,17.65
16,12,11,2000,24.58
16,12,12,2100,31.21
16,12,13,0500,39.35
16,12,14,1900,28.56
16,12,15,0900,19.1
16,12,16,1900,20.3
16,12,17,1900,23.99
16,12,18,2000,10.39
16,12,19,2100,36.67
16,12,20,2100,47.53
16,12,21,1900,20.37
16,12,22,2100,23.27
16,12,23,2100,25.78
16,12,24,2100,95.7
16,12,25,2200,54.52
16,12,26,0000,17.65
16,12,27,0700,10.86
16,12,28,2000,11.29
16,12,29,2100,16.3
16,12,30,0600,32.59
16,12,31,1500,333.4
17,01,01,1200,44.81
17,01,02,1200,55.29
17,01,03,2100,28.52
17,01,04,2100,53.82
17,01,05,0100,48.89
17,01,06,1900,88.3
17,01,07,0000,19.01
17,01,08,1600,5.432
17,01,09,0600,5.319
17,01,10,2000,22.38
17,01,11,2000,40.79
17,01,12,1100,58.4
17,01,13,2000,20.39
17,01,14,2200,27.16
17,01,15,0600,10.86
17,01,16,0800,67.9
17,01,17,2100,29.88
17,01,18,0800,21.73
17,01,19,0700,19.67
17,01,20,2000,14.94
17,01,21,2000,37.87
17,01,22,0000,37.75
17,01,23,2200,56.76
17,01,24,0600,33.95
17,01,25,1900,17.13
17,01,26,2100,12.2
17,01,27,0800,33.3
17,01,28,1900,21.73
17,01,29,2100,27.93
17,01,30,0800,27.91
17,01,31,2200,101.2
17,02,01,2300,26.48
17,02,02,0700,18.88
17,02,03,2000,24.15
17,02,04,2100,32.59
17,02,05,0000,29.88
17,02,06,2300,46.17
17,02,07,0600,24.44
17,02,08,2300,19.69
17,02,09,1000,19.01
17,02,10,0800,12.9
17,02,11,2100,21.73
17,02,12,0600,35.31
17,02,13,0600,17.65
17,02,14,0600,24.33
17,02,15,0800,12.88
17,02,16,1000,34.11
17,02,17,1600,54.64
17,02,18,2300,68.58
17,02,19,1000,41.98
17,02,20,2000,71.03
17,02,21,0200,35.88
17,02,22,2100,25.1
17,02,23,0600,27.23
17,02,24,2000,32.59
17,02,25,2000,44.16
17,02,26,2100,34.7
17,02,27,1900,14.94
17,02,28,0600,38.75
17,03,01,2000,38.02
17,03,02,0700,28.83
17,03,03,1900,69.26
17,03,04,0600,62.44
17,03,05,2000,58.39
17,03,06,0600,209.0
17,03,07,2200,90.2
17,03,08,0700,69.26
17,03,09,2000,41.44
17,03,10,1900,47.53
17,03,11,2000,34.85
17,03,12,2100,21.73
17,03,13,2000,110.0
17,03,14,0000,46.65
17,03,15,2100,73.33
17,03,16,0800,80.8
17,03,17,2100,94.1
17,03,18,0700,67.2
17,03,19,0700,20.37
17,03,20,2300,72.66
17,03,21,0600,39.38
17,03,22,0700,146.7
17,03,23,2100,131.1
17,03,24,2000,54.32
17,03,25,2100,222.7
17,03,26,1900,190.1
17,03,27,2300,92.2
17,03,28,2100,321.8
17,03,29,0800,101.2
17,03,30,1800,124.9
17,03,31,0900,91.5
17,04,01,2000,343.5
17,04,02,0000,176.2
17,04,03,2200,69.25
17,04,04,2000,62.39
17,04,05,2300,85.5
17,04,06,0700,127.6
17,04,07,2000,191.4
17,04,08,2200,91.0
17,04,09,2000,176.5
17,04,10,1900,168.3
17,04,11,2000,277.7
17,04,12,2100,632.6
17,04,13,2000,703.2
17,04,14,0900,506.5
17,04,15,2200,336.7
17,04,16,2100,649.3
17,04,17,2000,571.6
17,04,18,0000,112.7
17,04,19,2300,76.04
17,04,20,1900,77.39
17,04,21,2000,86.1
17,04,22,1800,89.6
17,04,23,2300,100.5
17,04,24,0000,125.6
17,04,25,0700,158.9
17,04,26,0600,115.9
17,04,27,0700,112.7
17,04,28,1700,50.96
17,04,29,2000,91.6
17,04,30,2300,34.01
17,05,01,0900,335.0
17,05,02,1900,132.0
17,05,03,0800,221.0
17,05,04,2000,106.0
17,05,05,1900,407.0
17,05,06,2300,565.0
17,05,07,0000,211.0
17,05,08,2100,347.0
17,05,09,2200,652.0
17,05,10,0000,860.0
17,05,11,0800,326.0
17,05,12,0000,361.0
17,05,13,2000,826.0
17,05,14,0100,124.0
17,05,15,2200,170.0
17,05,16,2100,223.0
17,05,17,1900,281.0
17,05,18,1900,507.0
17,05,19,0100,194.0
17,05,20,1800,104.0
17,05,21,1800,93.0
17,05,22,2300,117.0
17,05,23,2100,120.0
17,05,24,2100,311.0
17,05,25,0900,123.0
17,05,26,0800,266.0
17,05,27,2000,79.0
17,05,28,2100,160.0
17,05,29,1800,459.0
17,05,30,0000,433.0
17,05,31,1800,409.0
17,06,01,0000,177.0
17,06,02,1200,162.0
17,06,03,1900,464.0
17,06,04,0000,298.0
17,06,05,0800,145.0
17,06,06,0800,82.0
17,06,07,2300,380.0
17,06,08,1800,61.0
17,06,09,2200,49.0
17,06,10,1900,97.0
17,06,11,1900,75.0
17,06,12,1800,185.0
17,06,13,0800,239.0
17,06,14,1400,328.0
17,06,15,1700,359.0
17,06,16,0200,424.0
17,06,17,1800,602.0
17,06,18,2200,220.0
17,06,19,1900,479.0
17,06,20,2100,490.0
17,06,21,0800,277.0
17,06,22,1100,249.0
17,06,23,0900,564.0
17,06,24,0000,401.0
17,06,25,2300,272.0
17,06,26,0000,251.0
17,06,27,2100,733.0
17,06,28,2300,295.0
17,06,29,0100,344.0
17,06,30,0900,783.0
17,07,01,1800,363.0
17,07,02,2200,856.0
17,07,03,0000,822.0
17,07,04,1800,728.0
17,07,05,0000,499.0
17,07,06,2000,110.0
17,07,07,1900,664.0
17,07,08,1000,454.0
17,07,09,1800,121.0
17,07,10,2300,158.0
17,07,11,1800,211.0
17,07,12,1800,247.0
17,07,13,1000,262.0
17,07,14,2300,847.0
17,07,15,0800,443.0
17,07,16,0100,217.0
17,07,17,1900,85.0
17,07,18,1700,76.0
17,07,19,0800,137.0
17,07,20,1900,192.0
17,07,21,1700,187.0
17,07,22,1200,206.0
17,07,23,2000,141.0
17,07,24,0000,166.0
17,07,25,2300,193.0
17,07,26,1700,177.0
17,07,27,1700,196.0
17,07,28,0000,83.0
17,07,29,1900,221.0
17,07,30,1900,573.0
17,07,31,2000,182.0
17,08,01,1900,67.0
17,08,02,0800,50.0
17,08,03,1900,213.0
17,08,04,2000,585.0
17,08,05,2100,322.0
17,08,06,0900,251.0
17,08,07,2200,263.0
17,08,08,2000,376.0
17,08,09,1900,775.0
17,08,10,0100,376.0
17,08,11,0700,225.0
17,08,12,2300,208.0
17,08,13,0200,113.0
17,08,14,0700,82.0
17,08,15,1900,87.0
17,08,16,1600,77.0
17,08,17,2000,282.0
17,08,18,2200,261.0
17,08,19,0100,137.0
17,08,20,2100,42.0
17,08,21,1300,266.0
17,08,22,1400,103.0
17,08,23,0700,280.0
17,08,24,0600,163.0
17,08,25,2200,348.0
17,08,26,0100,221.0
17,08,27,2300,358.0
17,08,28,0800,662.0
17,08,29,0700,175.0
17,08,30,0000,61.0
17,08,31,,
17,09,01,,
17,09,02,,
17,09,03,,
17,09,04,,
17,09,05,,
17,09,06,,
17,09,07,,
17,09,08,2300,236.0
17,09,09,2000,172.0
17,09,10,2000,73.0
17,09,11,0600,95.0
17,09,12,2100,50.0
17,09,13,2200,145.0
17,09,14,0600,64.0
17,09,15,1800,31.0
17,09,16,1500,507.0
17,09,17,2100,92.0
17,09,18,0700,77.0
17,09,19,1900,52.0
17,09,20,0700,31.0
17,09,21,1900,53.0
17,09,22,2100,92.0
17,09,23,0000,73.0
17,09,24,1900,73.0
17,09,25,2200,151.0
17,09,26,2000,141.0
17,09,27,0000,160.0
17,09,28,0700,189.0
17,09,29,2100,132.0
17,09,30,1900,58.0
17,10,01,1800,24.0
17,10,02,1900,62.0
17,10,03,2100,221.0
17,10,04,0600,99.0
17,10,05,1900,54.0
17,10,06,1700,27.0
17,10,07,1900,43.0
17,10,08,2000,254.0
17,10,09,1900,61.0
17,10,10,2000,307.0
17,10,11,0100,171.0
17,10,12,2200,97.0
17,10,13,1600,30.0
17,10,14,1900,30.0
17,10,15,2000,41.0
17,10,16,0000,44.0
17,10,17,2200,80.0
17,10,18,0600,88.0
17,10,19,2000,45.0
17,10,20,2100,107.0
17,10,21,0200,51.0
17,10,22,0200,73.0
17,10,23,2100,65.0
17,10,24,0600,62.0
17,10,25,1900,43.0
17,10,26,2000,48.0
17,10,27,1900,75.0
17,10,28,2000,49.0
17,10,29,2000,51.0
17,10,30,0600,37.0
17,10,31,2100,130.0
17,11,01,0000,67.0
17,11,02,0600,48.0
17,11,03,0600,98.0
17,11,04,2300,93.0
17,11,05,0000,79.0
17,11,06,2000,58.0
17,11,07,1800,55.0
17,11,08,2100,182.0
17,11,09,1800,33.0
17,11,10,0600,56.0
17,11,11,2000,53.0
17,11,12,0000,62.0
17,11,13,0700,38.0
17,11,14,2100,38.0
17,11,15,0700,20.0
17,11,16,0800,24.0
17,11,17,2000,37.0
17,11,18,2100,53.0
17,11,19,2000,41.0
17,11,20,2100,50.0
17,11,21,0100,31.0
17,11,22,2000,38.0
17,11,23,0600,31.0
17,11,24,0600,20.0
17,11,25,2100,20.0
17,11,26,2300,76.0
17,11,27,0500,52.0
17,11,28,0600,31.0
17,11,29,2300,26.0
17,11,30,2200,67.0
17,12,01,0600,42.0
17,12,02,0000,43.0
17,12,03,2100,24.0
17,12,04,2100,20.0
17,12,05,0600,17.0
17,12,06,0600,20.0
17,12,07,2000,26.0
17,12,08,0600,16.0
17,12,09,2200,19.0
17,12,10,0000,10.0
17,12,11,0000,16.0
17,12,12,1900,14.0
17,12,13,2100,19.0
17,12,14,0600,16.0
17,12,15,0900,33.0
17,12,16,2100,37.0
17,12,17,0000,20.0
17,12,18,2200,25.0
17,12,19,2000,21.0
17,12,20,2000,43.0
17,12,21,1800,67.0
17,12,22,2100,71.0
17,12,23,0000,29.0
17,12,24,1700,24.0
17,12,25,1700,37.0
17,12,26,2000,19.0
17,12,27,1400,37.0
17,12,28,0700,18.0
17,12,29,0800,30.0
17,12,30,2200,22.0
17,12,31,2000,33.0
18,01,01,1900,27.0
18,01,02,2000,22.0
18,01,03,0800,28.0
18,01,04,1000,30.0
18,01,05,1900,19.0
18,01,06,2100,20.0
18,01,07,0900,13.0
18,01,08,0500,15.0
18,01,09,0700,19.0
18,01,10,0600,22.0
18,01,11,0900,8.0
18,01,12,2100,23.0
18,01,13,2100,30.0
18,01,14,0100,18.0
18,01,15,0600,28.0
18,01,16,2000,22.0
18,01,17,1000,24.0
18,01,18,1700,14.0
18,01,19,0700,16.0
18,01,20,0000,5.0
18,01,21,0700,6.0
18,01,22,2200,17.0
18,01,23,2000,26.0
18,01,24,0500,27.0
18,01,25,2100,22.0
18,01,26,0800,9.0
18,01,27,2000,14.0
18,01,28,0000,10.0
18,01,29,0600,27.0
18,01,30,2100,18.0
18,01,31,0700,15.0
18,02,01,0600,12.0
18,02,02,0600,16.0
18,02,03,0600,34.0
18,02,04,0000,11.0
18,02,05,2100,30.0
18,02,06,0600,20.0
18,02,07,1600,21.0
18,02,08,1900,46.0
18,02,09,2100,53.0
18,02,10,2300,75.0
18,02,11,0000,107.0
18,02,12,0000,23.0
18,02,13,0700,9.0
18,02,14,1900,30.0
18,02,15,0600,10.0
18,02,16,0700,14.0
18,02,17,0700,19.0
18,02,18,2100,15.0
18,02,19,0500,23.0
18,02,20,2100,39.0
18,02,21,0000,45.0
18,02,22,0600,21.0
18,02,23,2300,40.0
18,02,24,1700,28.0
18,02,25,1900,11.0
18,02,26,2000,14.0
18,02,27,0600,43.0
18,02,28,2000,8.0
18,03,01,2000,13.0
18,03,02,2000,18.0
18,03,03,2000,93.0
18,03,04,0000,89.0
18,03,05,0600,20.0
18,03,06,0700,20.0
18,03,07,1800,33.0
18,03,08,1800,34.0
18,03,09,2000,67.0
18,03,10,2000,35.0
18,03,11,2100,41.0
18,03,12,0700,60.0
18,03,13,2100,58.0
18,03,14,0700,73.0
18,03,15,2000,77.0
18,03,16,2000,138.0
18,03,17,2300,93.0
18,03,18,0000,30.0
18,03,19,2000,81.0
18,03,20,2000,346.0
18,03,21,0700,189.0
18,03,22,0000,74.0
18,03,23,2300,145.0
18,03,24,0700,125.0
18,03,25,1900,50.0
18,03,26,0600,77.0
18,03,27,1900,64.0
18,03,28,0700,45.0
18,03,29,0700,65.0
18,03,30,1900,31.0
18,03,31,2200,52.0
18,04,01,0000,25.0
18,04,02,1900,57.0
18,04,03,1800,106.0
18,04,04,1900,64.0
18,04,05,0700,104.0
18,04,06,2100,159.0
18,04,07,0800,79.0
18,04,08,2000,304.0
18,04,09,2000,198.0
18,04,10,1900,73.0
18,04,11,0800,98.0
18,04,12,1900,263.0
18,04,13,0700,220.0
18,04,14,2000,95.0
18,04,15,2000,117.0
18,04,16,0000,102.0
18,04,17,0700,36.0
18,04,18,1900,43.0
18,04,19,1800,132.0
18,04,20,0600,62.0
18,04,21,1900,75.0
18,04,22,2000,91.0
18,04,23,2300,57.0
18,04,24,0700,113.0
18,04,25,0700,180.0
18,04,26,0000,102.0
18,04,27,1900,189.0
18,04,28,2000,174.0
18,04,29,2100,176.0
18,04,30,2200,292.0
18,05,01,0900,211.0
18,05,02,0800,160.0
18,05,03,2000,69.0
18,05,04,2000,326.0
18,05,05,2200,412.0
18,05,06,2000,593.0
18,05,07,0000,495.0
18,05,08,0800,94.0
18,05,09,2200,61.0
18,05,10,1700,45.0
18,05,11,1900,328.0
18,05,12,0800,287.0
18,05,13,2100,243.0
18,05,14,0900,116.0
18,05,15,2000,509.0
18,05,16,0000,215.0
18,05,17,1900,200.0
18,05,18,0800,300.0
18,05,19,2300,206.0
18,05,20,0100,123.0
18,05,21,1800,59.0
18,05,22,1900,72.0
18,05,23,2300,84.0
18,05,24,2300,113.0
18,05,25,0900,301.0
18,05,26,2100,75.0
18,05,27,2000,279.0
18,05,28,0000,141.0
18,05,29,2200,147.0
18,05,30,0900,148.0
18,05,31,1700,94.0
18,06,01,2100,856.0
18,06,02,2100,1016.0
18,06,03,0000,833.0
18,06,04,0800,431.0
18,06,05,0900,337.0
18,06,06,1800,315.0
18,06,07,1600,293.0
18,06,08,2100,264.0
18,06,09,2000,602.0
18,06,10,2100,714.0
18,06,11,0800,560.0
18,06,12,2200,839.0
18,06,13,2200,539.0
18,06,14,0800,413.0
18,06,15,0100,269.0
18,06,16,1600,201.0
18,06,17,2100,232.0
18,06,18,0900,240.0
18,06,19,0800,95.0
18,06,20,1700,171.0
18,06,21,2100,91.0
18,06,22,2300,320.0
18,06,23,0000,205.0
18,06,24,2000,148.0
18,06,25,2100,173.0
18,06,26,1800,153.0
18,06,27,0900,129.0
18,06,28,1900,111.0
18,06,29,1800,153.0
18,06,30,2200,335.0
18,07,01,2000,442.0
18,07,02,1900,508.0
18,07,03,0900,945.0
18,07,04,0000,710.0
18,07,05,0000,250.0
18,07,06,1800,524.0
18,07,07,1900,937.0
18,07,08,0100,816.0
18,07,09,1800,991.0
18,07,10,2100,503.0
18,07,11,0900,188.0
18,07,12,1900,139.0
18,07,13,1800,237.0
18,07,14,2200,264.0
18,07,15,1800,226.0
18,07,16,1900,98.0
18,07,17,1700,239.0
18,07,18,1000,106.0
18,07,19,2000,155.0
18,07,20,0900,418.0
18,07,21,2100,160.0
18,07,22,0000,98.0
18,07,23,2200,108.0
18,07,24,2200,424.0
18,07,25,0000,370.0
18,07,26,2000,1418.0
18,07,27,0700,248.0
18,07,28,2300,72.0
18,07,29,1900,60.0
18,07,30,0700,89.0
18,07,31,2000,64.0
18,08,01,2200,441.0
18,08,02,1900,709.0
18,08,03,0000,61.0
18,08,04,1000,176.0
18,08,05,0000,106.0
18,08,06,2300,298.0
18,08,07,0000,232.0
18,08,08,2200,471.0
18,08,09,0800,273.0
18,08,10,2300,564.0
18,08,11,2100,625.0
18,08,12,2100,730.0
18,08,13,0100,266.0
18,08,14,2000,80.0
18,08,15,2100,60.0
18,08,16,1900,76.0
18,08,17,0800,143.0
18,08,18,2000,181.0
18,08,19,1800,183.0
18,08,20,2100,389.0
18,08,21,2300,344.0
18,08,22,0700,248.0
18,08,23,0800,89.0
18,08,24,0700,121.0
18,08,25,1900,182.0
18,08,26,2200,82.0
18,08,27,2000,79.0
18,08,28,2200,135.0
18,08,29,2100,327.0
18,08,30,2000,639.0
18,08,31,2100,519.0
18,09,01,0800,202.0
18,09,02,2000,68.0
18,09,03,0700,205.0
18,09,04,2300,104.0
18,09,05,1900,201.0
18,09,06,0700,47.0
18,09,07,0700,77.0
18,09,08,2300,73.0
18,09,09,2100,376.0
18,09,10,0700,201.0
18,09,11,0700,86.0
18,09,12,2100,40.0
18,09,13,0900,22.0
18,09,14,0700,44.0
18,09,15,0700,91.0
18,09,16,0100,76.0
18,09,17,1900,85.0
18,09,18,0700,79.0
18,09,19,2000,148.0
18,09,20,2100,110.0
18,09,21,1800,77.0
18,09,22,1100,95.0
18,09,23,2000,68.0
18,09,24,2300,161.0
18,09,25,2200,171.0
18,09,26,0600,166.0
18,09,27,0700,206.0
18,09,28,0700,90.0
18,09,29,2000,142.0
18,09,30,2000,107.0
18,10,01,2000,54.0
18,10,02,2100,39.0
18,10,03,2100,268.0
18,10,04,1100,162.0
18,10,05,0600,193.0
18,10,06,0000,102.0
18,10,07,2100,167.0
18,10,08,1900,56.0
18,10,09,0600,94.0
18,10,10,2100,88.0
18,10,11,2000,53.0
18,10,12,2000,45.0
18,10,13,1700,31.0
18,10,14,2300,35.0
18,10,15,2300,52.0
18,10,16,2300,270.0
18,10,17,0100,191.0
18,10,18,2000,53.0
18,10,19,0600,83.0
18,10,20,2300,125.0
18,10,21,0100,50.0
18,10,22,2100,206.0
18,10,23,2000,351.0
18,10,24,0600,144.0
18,10,25,0200,54.0
18,10,26,0600,45.0
18,10,27,2200,113.0
18,10,28,0100,39.0
18,10,29,0600,28.0
18,10,30,2100,106.0
18,10,31,2100,183.0
18,11,01,2300,118.0
18,11,02,0000,137.0
18,11,03,2100,37.0
18,11,04,2100,35.0
18,11,05,2000,88.0
18,11,06,2000,121.0
18,11,07,0600,49.0
18,11,08,2200,37.0
18,11,09,2200,193.0
18,11,10,2200,62.0
18,11,11,0000,37.0
18,11,12,2100,36.0
18,11,13,0000,24.0
18,11,14,2000,34.0
18,11,15,2100,22.0
18,11,16,2000,27.0
18,11,17,0000,17.0
18,11,18,0000,7.0
18,11,19,2000,43.0
18,11,20,1900,45.0
18,11,21,0700,90.0
18,11,22,2000,38.0
18,11,23,0500,24.0
18,11,24,2100,33.0
18,11,25,2300,80.0
18,11,26,0000,54.0
18,11,27,0500,30.0
18,11,28,0500,12.0
18,11,29,2100,24.0
18,11,30,2300,28.0
18,12,01,2100,96.0
18,12,02,2100,16.0
18,12,03,0500,24.0
18,12,04,0600,17.0
18,12,05,2200,45.0
18,12,06,0700,14.0
18,12,07,2100,17.0
18,12,08,0500,8.0
18,12,09,0800,9.0
18,12,10,2100,13.0
18,12,11,1900,17.0
18,12,12,2100,19.0
18,12,13,0600,28.0
18,12,14,2000,17.0
18,12,15,1000,13.0
18,12,16,2000,26.0
18,12,17,0500,40.0
18,12,18,0100,16.0
18,12,19,0700,14.0
18,12,20,0800,15.0
18,12,21,0600,12.0
18,12,22,2100,12.0
18,12,23,1900,15.0
18,12,24,2100,24.0
18,12,25,1700,14.0
18,12,26,0500,28.0
18,12,27,1700,10.0
18,12,28,2300,20.0
18,12,29,0800,17.0
18,12,30,1800,10.0
18,12,31,2100,39.0
19,01,01,2100,36.0
19,01,02,2100,21.0
19,01,03,2100,16.0
19,01,04,0900,12.0
19,01,05,2100,16.0
19,01,06,2200,21.0
19,01,07,2000,36.0
19,01,08,2100,43.0
19,01,09,2200,46.0
19,01,10,2100,47.0
19,01,11,2100,19.0
19,01,12,2200,78.0
19,01,13,0000,72.0
19,01,14,1000,11.0
19,01,15,1500,20.0
19,01,16,2200,68.0
19,01,17,2200,29.0
19,01,18,2100,15.0
19,01,19,0600,11.0
19,01,20,2100,12.0
19,01,21,2000,42.0
19,01,22,0700,12.0
19,01,23,0200,6.0
19,01,24,0200,6.0
19,01,25,2000,35.0
19,01,26,0600,38.0
19,01,27,1900,14.0
19,01,28,0600,7.0
19,01,29,2000,19.0
19,01,30,2000,23.0
19,01,31,2300,20.0
19,02,01,2300,21.0
19,02,02,0600,37.0
19,02,03,2200,46.0
19,02,04,0800,28.0
19,02,05,0800,30.0
19,02,06,1700,26.0
19,02,07,1100,24.0
19,02,08,1000,27.0
19,02,09,2100,18.0
19,02,10,1900,38.0
19,02,11,1900,34.0
19,02,12,1000,29.0
19,02,13,0600,25.0
19,02,14,1000,21.0
19,02,15,0900,28.0
19,02,16,0900,29.0
19,02,17,1100,23.0
19,02,18,1100,23.0
19,02,19,1100,28.0
19,02,20,0900,37.0
19,02,21,2300,54.0
19,02,22,0600,92.0
19,02,23,2100,38.0
19,02,24,2300,87.0
19,02,25,0600,55.0
19,02,26,1400,40.0
19,02,27,1300,36.0
19,02,28,0600,53.0
19,03,01,1300,34.0
19,03,02,2200,34.0
19,03,03,2000,56.0
19,03,04,1100,32.0
19,03,05,2100,51.0
19,03,06,0700,72.0
19,03,07,2100,100.0
19,03,08,0600,71.0
19,03,09,2200,63.0
19,03,10,0900,33.0
19,03,11,1600,26.0
19,03,12,0700,66.0
19,03,13,1900,45.0
19,03,14,0700,112.0
19,03,15,2100,106.0
19,03,16,0700,59.0
19,03,17,1500,24.0
19,03,18,2000,77.0
19,03,19,0700,161.0
19,03,20,0600,73.0
19,03,21,0800,76.0
19,03,22,2000,37.0
19,03,23,1900,41.0
19,03,24,1900,65.0
19,03,25,2000,227.0
19,03,26,2000,171.0
19,03,27,0700,219.0
19,03,28,0700,122.0
19,03,29,1900,37.0
19,03,30,2000,114.0
19,03,31,2200,46.0
19,04,01,1800,42.0
19,04,02,1900,23.0
19,04,03,2300,35.0
19,04,04,0700,23.0
19,04,05,0600,30.0
19,04,06,2000,66.0
19,04,07,2300,63.0
19,04,08,0000,72.0
19,04,09,2000,130.0
19,04,10,0700,43.0
19,04,11,2300,31.0
19,04,12,0100,65.0
19,04,13,2300,48.0
19,04,14,0100,54.0
19,04,15,0900,38.0
19,04,16,0900,130.0
19,04,17,2100,96.0
19,04,18,2100,117.0
19,04,19,0300,69.0
19,04,20,1800,40.0
19,04,21,2200,242.0
19,04,22,2100,198.0
19,04,23,1900,379.0
19,04,24,2300,622.0
19,04,25,2100,579.0
19,04,26,2200,208.0
19,04,27,1800,191.0
19,04,28,1700,62.0
19,04,29,1800,74.0
19,04,30,2000,104.0
19,05,01,2000,142.0
19,05,02,2300,189.0
19,05,03,1900,299.0
19,05,04,1100,112.0
19,05,05,1700,59.0
19,05,06,2300,140.0
19,05,07,2200,274.0
19,05,08,1900,575.0
19,05,09,2300,225.0
19,05,10,0000,189.0
19,05,11,2100,56.0
19,05,12,2100,72.0
19,05,13,2100,277.0
19,05,14,0700,189.0
19,05,15,0700,161.0
19,05,16,1900,74.0
19,05,17,0200,43.0
19,05,18,1900,24.0
19,05,19,2100,41.0
19,05,20,0000,22.0
19,05,21,0200,11.0
19,05,22,1000,21.0
19,05,23,0900,13.0
19,05,24,2000,79.0
19,05,25,2100,120.0
19,05,26,0200,140.0
19,05,27,2100,382.0
19,05,28,2000,578.0
19,05,29,0200,379.0
19,05,30,0100,252.0
19,05,31,2100,295.0
19,06,01,2000,531.0
19,06,02,1800,326.0
19,06,03,2000,525.0
19,06,04,2000,304.0
19,06,05,2100,283.0
19,06,06,0000,153.0
19,06,07,1000,52.0
19,06,08,1500,135.0
19,06,09,1500,124.0
19,06,10,2300,186.0
19,06,11,2000,135.0
19,06,12,2100,346.0
19,06,13,1900,110.0
19,06,14,1900,228.0
19,06,15,0000,178.0
19,06,16,1500,192.0
19,06,17,1500,202.0
19,06,18,0100,301.0
19,06,19,2200,351.0
19,06,20,1900,384.0
19,06,21,1700,210.0
19,06,22,2300,143.0
19,06,23,0900,128.0
19,06,24,2100,105.0
19,06,25,0700,115.0
19,06,26,1700,135.0
19,06,27,0800,424.0
19,06,28,0000,368.0
19,06,29,1900,315.0
19,06,30,0100,198.0
19,07,01,1800,140.0
19,07,02,0700,283.0
19,07,03,2000,309.0
19,07,04,0900,538.0
19,07,05,2100,68.0
19,07,06,1900,476.0
19,07,07,0100,510.0
19,07,08,2000,306.0
19,07,09,2000,648.0
19,07,10,2100,327.0
19,07,11,2200,703.0
19,07,12,2200,777.0
19,07,13,0000,570.0
19,07,14,0100,307.0
19,07,15,1900,139.0
19,07,16,1800,682.0
19,07,17,1100,283.0
19,07,18,2000,147.0
19,07,19,2000,134.0
19,07,20,2200,250.0
19,07,21,1900,245.0
19,07,22,0800,90.0
19,07,23,0800,130.0
19,07,24,2100,112.0
19,07,25,0700,165.0
19,07,26,0800,80.0
19,07,27,2100,275.0
19,07,28,2000,347.0
19,07,29,0000,326.0
19,07,30,1900,170.0
19,07,31,1900,245.0
19,08,01,0000,137.0
19,08,02,0800,83.0
19,08,03,2100,60.0
19,08,04,1900,105.0
19,08,05,1800,178.0
19,08,06,1900,46.0
19,08,07,2200,263.0
19,08,08,0100,228.0
19,08,09,1700,64.0
19,08,10,2100,450.0
19,08,11,0100,101.0
19,08,12,2300,175.0
19,08,13,2000,406.0
19,08,14,0700,356.0
19,08,15,2200,295.0
19,08,16,0700,193.0
19,08,17,0100,162.0
19,08,18,2000,684.0
19,08,19,0000,618.0
19,08,20,0700,204.0
19,08,21,2000,241.0
19,08,22,2200,367.0
19,08,23,2100,205.0
19,08,24,2000,154.0
19,08,25,2000,230.0
19,08,26,0000,152.0
19,08,27,1500,184.0
19,08,28,1800,105.0
19,08,29,2100,84.0
19,08,30,2000,68.0
19,08,31,2100,317.0
19,09,01,0000,140.0
19,09,02,0000,191.0
19,09,03,0700,154.0
19,09,04,0700,340.0
19,09,05,2100,161.0
19,09,06,2000,361.0
19,09,07,0000,218.0
19,09,08,0200,63.0
19,09,09,2200,526.0
19,09,10,0700,339.0
19,09,11,1900,91.0
19,09,12,1500,341.0
19,09,13,1000,140.0
19,09,14,1700,88.0
19,09,15,2000,104.0
19,09,16,1900,28.0
19,09,17,2000,33.0
19,09,18,0800,87.0
19,09,19,1200,27.0
19,09,20,1900,51.0
19,09,21,2200,99.0
19,09,22,0100,75.0
19,09,23,2200,24.0
19,09,24,2100,37.0
19,09,25,2300,106.0
19,09,26,2100,285.0
19,09,27,0600,188.0
19,09,28,0000,92.0
19,09,29,2200,41.0
19,09,30,0700,56.0
19,10,01,2100,91.0
19,10,02,2300,190.0
19,10,03,0000,137.0
19,10,04,2200,44.0
19,10,05,2100,48.0
19,10,06,2100,61.0
19,10,07,1900,35.0
19,10,08,2000,34.0
19,10,09,0700,44.0
19,10,10,2100,210.0
19,10,11,0500,64.0
19,10,12,2000,49.0
19,10,13,1900,53.0
19,10,14,0600,185.0
19,10,15,1900,86.0
19,10,16,2000,97.0
19,10,17,1900,22.0
19,10,18,2200,70.0
19,10,19,2000,44.0
19,10,20,1900,58.0
19,10,21,2200,126.0
19,10,22,0000,70.0
19,10,23,2000,146.0
19,10,24,2100,52.0
19,10,25,2000,59.0
19,10,26,1700,29.0
19,10,27,2200,144.0
19,10,28,0700,93.0
19,10,29,1900,34.0
19,10,30,2200,53.0
19,10,31,2300,57.0
19,11,01,2000,56.0
19,11,02,1000,17.0
19,11,03,2000,38.0
19,11,04,0000,36.0
19,11,05,2000,25.0
19,11,06,2000,29.0
19,11,07,0600,31.0
19,11,08,2000,81.0
19,11,09,0000,27.0
19,11,10,2000,36.0
19,11,11,0600,36.0
19,11,12,0500,37.0
19,11,13,2000,30.0
19,11,14,0800,21.0
19,11,15,1900,21.0
19,11,16,1800,58.0
19,11,17,1200,36.0
19,11,18,1900,25.0
19,11,19,1400,36.0
19,11,20,0600,39.0
19,11,21,2100,35.0
19,11,22,2100,108.0
19,11,23,0000,53.0
19,11,24,1900,28.0
19,11,25,0600,47.0
19,11,26,0700,29.0
19,11,27,2100,36.0
19,11,28,1800,26.0
19,11,29,2100,28.0
19,11,30,2300,72.0
19,12,01,2200,45.0
19,12,02,0400,23.0
19,12,03,0600,38.0
19,12,04,2300,29.0
19,12,05,1200,33.0
19,12,06,2100,42.0
19,12,07,2300,43.0
19,12,08,0000,21.0
19,12,09,1800,12.0
19,12,10,1900,51.0
19,12,11,0700,24.0
19,12,12,0000,29.0
19,12,13,2100,24.0
19,12,14,1800,20.0
19,12,15,2000,21.0
19,12,16,0600,29.0
19,12,17,2100,30.0
19,12,18,2000,26.0
19,12,19,0600,28.0
19,12,20,2100,22.0
19,12,21,2000,22.0
19,12,22,1500,39.0
19,12,23,0800,32.0
19,12,24,0100,37.0
19,12,25,1400,19.0
19,12,26,2100,49.0
19,12,27,2000,22.0
19,12,28,2100,33.0
19,12,29,0000,54.0
19,12,30,0200,24.0
19,12,31,2200,105.0
20,01,01,0100,53.0
20,01,02,2000,14.0
20,01,03,0000,12.0
20,01,04,2100,18.0
20,01,05,2000,23.0
20,01,06,2000,33.0
20,01,07,2000,45.0
20,01,08,2300,41.0
20,01,09,0000,45.0
20,01,10,2300,21.0
20,01,11,2300,28.0
20,01,12,2200,8.0
20,01,13,1400,27.0
20,01,14,2100,34.0
20,01,15,2000,25.0
20,01,16,0600,31.0
20,01,17,2200,18.0
20,01,18,2000,13.0
20,01,19,0500,14.0
20,01,20,0000,13.0
20,01,21,0500,8.0
20,01,22,0500,8.0
20,01,23,0900,7.0
20,01,24,1400,58.0
20,01,25,0000,13.0
20,01,26,2100,18.0
20,01,27,1900,17.0
20,01,28,2100,24.0
20,01,29,1500,363.0
20,01,30,1000,10.0
20,01,31,0600,16.0
20,02,01,1700,27.0
20,02,02,2200,30.0
20,02,03,2000,48.0
20,02,04,2100,36.0
20,02,05,2100,115.0
20,02,06,2000,54.0
20,02,07,2300,140.0
20,02,08,2200,73.0
20,02,09,0000,42.0
20,02,10,0600,36.0
20,02,11,0900,61.0
20,02,12,2200,21.0
20,02,13,1800,20.0
20,02,14,1900,18.0
20,02,15,2000,33.0
20,02,16,2300,26.0
20,02,17,0000,24.0
20,02,18,0600,24.0
20,02,19,2000,58.0
20,02,20,2300,57.0
20,02,21,0700,94.0
20,02,22,0600,63.0
20,02,23,2100,21.0
20,02,24,2000,20.0
20,02,25,2200,28.0
20,02,26,0800,30.0
20,02,27,2300,17.0
20,02,28,0600,58.0
20,02,29,0800,17.0
20,03,01,2200,9.0
20,03,02,2200,12.0
20,03,03,0700,56.0
20,03,04,2200,29.0
20,03,05,2200,36.0
20,03,06,0700,32.0
20,03,07,2000,21.0
20,03,08,2000,41.0
20,03,09,0800,80.0
20,03,10,1000,32.0
20,03,11,2200,45.0
20,03,12,2100,88.0
20,03,13,0100,39.0
20,03,14,2000,26.0
20,03,15,2100,37.0
20,03,16,2300,44.0
20,03,17,0600,51.0
20,03,18,0700,20.0
20,03,19,2300,50.0
20,03,20,2000,19.0
20,03,21,1900,41.0
20,03,22,1900,44.0
20,03,23,0700,55.0
20,03,24,2000,55.0
20,03,25,0000,83.0
20,03,26,0800,43.0
20,03,27,1900,27.0
20,03,28,2000,94.0
20,03,29,2100,101.0
20,03,30,2000,149.0
20,03,31,0700,57.0
20,04,01,2100,119.0
20,04,02,0800,128.0
20,04,03,1800,38.0
20,04,04,0000,35.0
20,04,05,1900,109.0
20,04,06,2100,159.0
20,04,07,2200,322.0
20,04,08,2100,303.0
20,04,09,0700,82.0
20,04,10,1900,53.0
20,04,11,0000,39.0
20,04,12,2300,86.0
20,04,13,0800,146.0
20,04,14,2000,152.0
20,04,15,2100,139.0
20,04,16,0800,63.0
20,04,17,2000,111.0
20,04,18,0900,120.0
20,04,19,2100,91.0
20,04,20,2300,204.0
20,04,21,2100,288.0
20,04,22,2200,685.0
20,04,23,0000,364.0
20,04,24,2300,191.0
20,04,25,2000,93.0
20,04,26,1800,191.0
20,04,27,1800,169.0
20,04,28,2000,233.0
20,04,29,0000,84.0
20,04,30,2000,278.0
20,05,01,2300,233.0
20,05,02,0100,229.0
20,05,03,2300,266.0
20,05,04,1900,354.0
20,05,05,2100,268.0
20,05,06,0100,110.0
20,05,07,0800,78.0
20,05,08,1800,254.0
20,05,09,1900,112.0
20,05,10,2200,139.0
20,05,11,0000,63.0
20,05,12,2100,326.0
20,05,13,2100,156.0
20,05,14,2000,214.0
20,05,15,1100,81.0
20,05,16,1600,96.0
20,05,17,1800,219.0
20,05,18,1700,66.0
20,05,19,2100,499.0
20,05,20,0000,272.0
20,05,21,2000,309.0
20,05,22,0800,275.0
20,05,23,0900,150.0
20,05,24,2000,111.0
20,05,25,1900,248.0
20,05,26,2200,205.0
20,05,27,0700,105.0
20,05,28,2200,359.0
20,05,29,1100,152.0
20,05,30,0900,217.0
20,05,31,2100,330.0
20,06,01,1800,90.0
20,06,02,1800,168.0
20,06,03,0100,189.0
20,06,04,1800,70.0
20,06,05,2200,181.0
20,06,06,1000,280.0
20,06,07,1600,119.0
20,06,08,2200,71.0
20,06,09,1000,77.0
20,06,10,2000,205.0
20,06,11,2000,213.0
20,06,12,2200,303.0
20,06,13,1900,577.0
20,06,14,1800,642.0
20,06,15,1900,630.0
20,06,16,1900,625.0
20,06,17,1800,349.0
20,06,18,0000,210.0
20,06,19,2200,104.0
20,06,20,1100,110.0
20,06,21,2000,333.0
20,06,22,2300,320.0
20,06,23,0100,459.0
20,06,24,0000,376.0
20,06,25,2300,199.0
20,06,26,0100,154.0
20,06,27,0000,92.0
20,06,28,2200,86.0
20,06,29,1100,168.0
20,06,30,1800,206.0
20,07,01,1300,229.0
20,07,02,2200,501.0
20,07,03,1800,679.0
20,07,04,0100,345.0
20,07,05,1800,442.0
20,07,06,2300,1013.0
20,07,07,0000,476.0
20,07,08,2100,149.0
20,07,09,2100,390.0
20,07,10,1800,178.0
20,07,11,1900,129.0
20,07,12,2200,142.0
20,07,13,2100,187.0
20,07,14,2000,339.0
20,07,15,0000,263.0
20,07,16,1600,243.0
20,07,17,2300,595.0
20,07,18,0100,396.0
20,07,19,1700,395.0
20,07,20,0000,377.0
20,07,21,2300,65.0
20,07,22,2000,127.0
20,07,23,2300,553.0
20,07,24,0000,421.0
20,07,25,2300,298.0
20,07,26,0000,379.0
20,07,27,2000,597.0
20,07,28,0000,165.0
20,07,29,1900,311.0
20,07,30,1900,547.0
20,07,31,1900,396.0
20,08,01,0000,307.0
20,08,02,2300,332.0
20,08,03,0000,227.0
20,08,04,2100,366.0
20,08,05,0000,440.0
20,08,06,1300,167.0
20,08,07,1800,193.0
20,08,08,2000,273.0
20,08,09,0000,131.0
20,08,10,0800,60.0
20,08,11,1800,69.0
20,08,12,2000,60.0
20,08,13,1800,126.0
20,08,14,1400,96.0
20,08,15,1900,44.0
20,08,16,1900,40.0
20,08,17,2000,74.0
20,08,18,2300,441.0
20,08,19,0000,346.0
20,08,20,2000,54.0
20,08,21,1800,76.0
20,08,22,2200,62.0
20,08,23,1600,56.0
20,08,24,2200,93.0
20,08,25,2200,128.0
20,08,26,0000,127.0
20,08,27,2200,100.0
20,08,28,2100,108.0
20,08,29,1900,34.0
20,08,30,1900,89.0
20,08,31,2200,547.0
20,09,01,2100,485.0
20,09,02,0000,159.0
20,09,03,1900,119.0
20,09,04,2100,286.0
20,09,05,0800,148.0
20,09,06,2000,313.0
20,09,07,0800,164.0
20,09,08,2100,75.0
20,09,09,2200,148.0
20,09,10,2000,93.0
20,09,11,1800,58.0
20,09,12,2100,85.0
20,09,13,2100,38.0
20,09,14,1900,32.0
20,09,15,2200,178.0
20,09,16,0700,110.0
20,09,17,0800,35.0
20,09,18,2100,56.0
20,09,19,1900,103.0
20,09,20,2000,315.0
20,09,21,0700,227.0
20,09,22,1100,126.0
20,09,23,2100,77.0
20,09,24,2300,47.0
20,09,25,2100,48.0
20,09,26,0100,41.0
20,09,27,2000,35.0
20,09,28,1800,38.0
20,09,29,2100,112.0
20,09,30,1800,24.0
20,10,01,2100,81.0
20,10,02,0600,132.0
20,10,03,0000,175.0
20,10,04,0100,57.0
20,10,05,1900,37.0
20,10,06,2100,40.0
20,10,07,1900,23.0
20,10,08,1900,26.0
20,10,09,2100,30.0
20,10,10,0600,29.0
20,10,11,2000,29.0
20,10,12,1700,17.0
20,10,13,1900,26.0
20,10,14,2000,65.0
20,10,15,1000,103.0
20,10,16,0600,33.0
20,10,17,2000,47.0
20,10,18,1900,42.0
20,10,19,2100,53.0
20,10,20,0600,55.0
20,10,21,0200,72.0
20,10,22,2000,254.0
20,10,23,2000,67.0
20,10,24,2000,51.0
20,10,25,2000,22.0
20,10,26,2000,48.0
20,10,27,1700,38.0
20,10,28,2000,74.0
20,10,29,2000,46.0
20,10,30,0600,40.0
20,10,31,2000,99.0
20,11,01,0100,26.0
20,11,02,0600,44.0
20,11,03,2100,27.0
20,11,04,1800,22.0
20,11,05,2000,28.0
20,11,06,0100,26.0
20,11,07,2100,35.0
20,11,08,2200,24.0
20,11,09,2200,28.0
20,11,10,2100,26.0
20,11,11,0600,23.0
20,11,12,1100,20.0
20,11,13,2000,19.0
20,11,14,0900,20.0
20,11,15,2200,30.0
20,11,16,2000,17.0
20,11,17,0600,35.0
20,11,18,0500,26.0
20,11,19,2200,19.0
20,11,20,2000,13.0
20,11,21,2300,35.0
20,11,22,2000,29.0
20,11,23,0800,28.0
20,11,24,2000,27.0
20,11,25,1100,29.0
20,11,26,1900,23.0
20,11,27,2100,31.0
20,11,28,1900,39.0
20,11,29,1400,20.0
20,11,30,1900,22.0
20,12,01,2100,19.0
20,12,02,2000,16.0
20,12,03,2100,66.0
20,12,04,2000,18.0
20,12,05,0600,17.0
20,12,06,0700,11.0
20,12,07,0700,16.0
20,12,08,2000,15.0
20,12,09,2100,22.0
20,12,10,0700,23.0
20,12,11,1900,24.0
20,12,12,2100,23.0
20,12,13,2200,47.0
20,12,14,2000,27.0
20,12,15,2000,27.0
20,12,16,1900,17.0
20,12,17,2100,17.0
20,12,18,2100,21.0
20,12,19,2000,19.0
20,12,20,0000,17.0
20,12,21,1800,23.0
20,12,22,2100,18.0
20,12,23,2200,22.0
20,12,24,2100,33.0
20,12,25,0400,29.0
20,12,26,0800,12.0
20,12,27,0500,9.0
20,12,28,1200,29.0
20,12,29,1000,26.0
20,12,30,2100,16.0
20,12,31,2100,42.0
21,01,01,0000,19.0
21,01,02,1700,16.0
21,01,03,2200,17.0
21,01,04,2100,18.0
21,01,05,0500,15.0
21,01,06,0700,12.0
21,01,07,1100,22.0
21,01,08,0700,12.0
21,01,09,1900,33.0
21,01,10,2100,41.0
21,01,11,1900,21.0
21,01,12,2100,38.0
21,01,13,0500,24.0
21,01,14,0600,25.0
21,01,15,1900,40.0
21,01,16,0500,35.0
21,01,17,1200,11.0
21,01,18,2100,25.0
21,01,19,0700,9.0
21,01,20,0800,11.0
21,01,21,0700,10.0
21,01,22,1200,14.0
21,01,23,0300,9.0
21,01,24,0600,7.0
21,01,25,2000,14.0
21,01,26,2200,30.0
21,01,27,0700,23.0
21,01,28,2100,22.0
21,01,29,2100,30.0
21,01,30,2100,99.0
21,01,31,2100,26.0
21,02,01,1200,28.0
21,02,02,2000,14.0
21,02,03,0600,19.0
21,02,04,0600,18.0
21,02,05,0600,11.0
21,02,06,0200,37.0
21,02,07,0000,20.0
21,02,08,0600,20.0
21,02,09,0600,18.0
21,02,10,0600,21.0
21,02,11,2300,17.0
21,02,12,0600,17.0
21,02,13,1900,9.0
21,02,14,1900,19.0
21,02,15,0700,28.0
21,02,16,0600,11.0
21,02,17,1900,15.0
21,02,18,2000,26.0
21,02,19,2000,27.0
21,02,20,1900,12.0
21,02,21,2000,20.0
21,02,22,1000,17.0
21,02,23,0600,22.0
21,02,24,2000,19.0
21,02,25,0600,8.0
21,02,26,0700,32.0
21,02,27,0700,11.0
21,02,28,1900,16.0
21,03,01,0700,15.0
21,03,02,1900,29.0
21,03,03,2000,48.0
21,03,04,0700,37.0
21,03,05,0600,25.0
21,03,06,0700,8.0
21,03,07,1200,24.0
21,03,08,1900,33.0
21,03,09,0700,64.0
21,03,10,1000,36.0
21,03,11,1800,22.0
21,03,12,2000,35.0
21,03,13,2100,48.0
21,03,14,2100,76.0
21,03,15,2100,41.0
21,03,16,2000,79.0
21,03,17,2000,228.0
21,03,18,2100,138.0
21,03,19,0700,84.0
21,03,20,2200,39.0
21,03,21,2000,45.0
21,03,22,0700,55.0
21,03,23,1900,23.0
21,03,24,0700,130.0
21,03,25,0700,76.0
21,03,26,2000,46.0
21,03,27,0600,29.0
21,03,28,2000,65.0
21,03,29,0700,87.0
21,03,30,2000,27.0
21,03,31,1900,58.0
21,04,01,2300,88.0
21,04,02,2000,47.0
21,04,03,0800,35.0
21,04,04,0700,50.0
21,04,05,0700,38.0
21,04,06,1000,91.0
21,04,07,0700,59.0
21,04,08,0700,66.0
21,04,09,2000,160.0
21,04,10,0000,80.0
21,04,11,2000,51.0
21,04,12,0800,59.0
21,04,13,0800,64.0
21,04,14,2000,42.0
21,04,15,1800,20.0
21,04,16,2000,59.0
21,04,17,2000,192.0
21,04,18,2100,121.0
21,04,19,2200,109.0
21,04,20,2100,127.0
21,04,21,2200,192.0
21,04,22,2100,300.0
21,04,23,0000,154.0
21,04,24,2300,205.0
21,04,25,0000,109.0
21,04,26,2000,59.0
21,04,27,2100,95.0
21,04,28,2100,65.0
21,04,29,2200,149.0
21,04,30,2000,186.0
21,05,01,0000,148.0
21,05,02,1800,42.0
21,05,03,2000,210.0
21,05,04,0700,212.0
21,05,05,1900,448.0
21,05,06,2200,825.0
21,05,07,0000,694.0
21,05,08,0000,204.0
21,05,09,1800,134.0
21,05,10,2200,333.0
21,05,11,0800,163.0
21,05,12,1800,62.0
21,05,13,2000,189.0
21,05,14,1900,290.0
21,05,15,2100,288.0
21,05,16,1900,394.0
21,05,17,0200,325.0
21,05,18,2000,599.0
21,05,19,0100,434.0
21,05,20,2000,554.0
21,05,21,2100,390.0
21,05,22,2000,158.0
21,05,23,0000,100.0
21,05,24,2000,59.0
21,05,25,2300,156.0
21,05,26,0000,168.0
21,05,27,1900,168.0
21,05,28,2300,167.0
21,05,29,2100,94.0
21,05,30,2300,140.0
21,05,31,0000,138.0
21,06,01,1800,66.0
21,06,02,2100,138.0
21,06,03,1800,71.0
21,06,04,1800,119.0
21,06,05,0100,72.0
21,06,06,1800,75.0
21,06,07,2300,276.0
21,06,08,0000,186.0
21,06,09,1900,102.0
21,06,10,2000,173.0
21,06,11,1200,122.0
21,06,12,2200,158.0
21,06,13,2200,332.0
21,06,14,0000,182.0
21,06,15,2200,737.0
21,06,16,1900,786.0
21,06,17,2300,1126.0
21,06,18,0000,853.0
21,06,19,0000,303.0
21,06,20,2100,628.0
21,06,21,0000,417.0
21,06,22,2000,382.0
21,06,23,0800,333.0
21,06,24,0000,145.0
21,06,25,2100,331.0
21,06,26,2300,409.0
21,06,27,1900,577.0
21,06,28,2200,836.0
21,06,29,0000,535.0
21,06,30,1200,287.0
21,07,01,0000,67.0
21,07,02,2100,183.0
21,07,03,2100,63.0
21,07,04,2100,134.0
21,07,05,0900,177.0
21,07,06,2000,191.0
21,07,07,2000,246.0
21,07,08,1900,244.0
21,07,09,1900,281.0
21,07,10,2000,67.0
21,07,11,1600,27.0
21,07,12,2000,78.0
21,07,13,1800,129.0
21,07,14,0900,89.0
21,07,15,1900,62.0
21,07,16,1800,64.0
21,07,17,2000,98.0
21,07,18,0200,132.0
21,07,19,2200,128.0
21,07,20,1900,173.0
21,07,21,0000,99.0
21,07,22,0900,58.0
21,07,23,2000,105.0
21,07,24,2000,185.0
21,07,25,2000,240.0
21,07,26,2000,83.0
21,07,27,2100,110.0
21,07,28,2200,82.0
21,07,29,1700,79.0
21,07,30,2200,258.0
21,07,31,2000,174.0
21,08,01,2000,57.0
21,08,02,1800,83.0
21,08,03,2100,405.0
21,08,04,2000,879.0
21,08,05,0000,491.0
21,08,06,2000,177.0
21,08,07,2000,106.0
21,08,08,1900,128.0
21,08,09,2200,177.0
21,08,10,2200,352.0
21,08,11,2200,242.0
21,08,12,0800,368.0
21,08,13,0800,253.0
21,08,14,2200,194.0
21,08,15,2200,178.0
21,08,16,0800,129.0
21,08,17,2300,147.0
21,08,18,2100,151.0
21,08,19,2100,413.0
21,08,20,0000,155.0
21,08,21,1700,182.0
21,08,22,1900,99.0
21,08,23,0800,74.0
21,08,24,2000,53.0
21,08,25,2000,53.0
21,08,26,2000,329.0
21,08,27,0800,123.0
21,08,28,2300,94.0
21,08,29,1900,233.0
21,08,30,0700,178.0
21,08,31,0000,115.0
21,09,01,1900,376.0
21,09,02,2100,405.0
21,09,03,2000,326.0
21,09,04,2300,178.0
21,09,05,2100,266.0
21,09,06,2000,444.0
21,09,07,0700,193.0
21,09,08,0700,60.0
21,09,09,2100,97.0
21,09,10,0100,142.0
21,09,11,2100,61.0
21,09,12,0000,58.0
21,09,13,0600,47.0
21,09,14,1800,25.0
21,09,15,2100,66.0
21,09,16,2100,95.0
21,09,17,0000,68.0
21,09,18,2300,123.0
21,09,19,2100,103.0
21,09,20,1900,76.0
21,09,21,2200,197.0
21,09,22,1800,48.0
21,09,23,0700,47.0
21,09,24,2000,41.0
21,09,25,1900,87.0
21,09,26,2100,40.0
21,09,27,1900,40.0
21,09,28,2000,39.0
21,09,29,0600,111.0
21,09,30,2100,41.0
21,10,01,2200,91.0
21,10,02,0600,50.0
21,10,03,0000,28.0
21,10,04,2000,55.0
21,10,05,0600,92.0
21,10,06,2300,42.0
21,10,07,2200,169.0
21,10,08,0000,37.0
21,10,09,2000,50.0
21,10,10,1900,34.0
21,10,11,2300,145.0
21,10,12,0600,116.0
21,10,13,2100,51.0
21,10,14,0500,66.0
21,10,15,0700,24.0
21,10,16,2200,26.0
21,10,17,0600,56.0
21,10,18,0600,23.0
21,10,19,2200,61.0
21,10,20,2000,22.0
21,10,21,2200,72.0
21,10,22,0600,81.0
21,10,23,1900,29.0
21,10,24,1700,37.0
21,10,25,1600,28.0
21,10,26,0500,27.0
21,10,27,2200,39.0
21,10,28,0600,34.0
21,10,29,2200,76.0
21,10,30,0500,41.0
21,10,31,2000,18.0
21,11,01,0000,64.0
21,11,02,1800,22.0
21,11,03,2000,45.0
21,11,04,2100,39.0
21,11,05,2200,50.0
21,11,06,0000,44.0
21,11,07,2100,62.0
21,11,08,2200,48.0
21,11,09,0500,33.0
21,11,10,2300,76.0
21,11,11,2200,51.0
21,11,12,0500,32.0
21,11,13,0800,17.0
21,11,14,2100,48.0
21,11,15,2000,65.0
21,11,16,0100,32.0
21,11,17,1800,18.0
21,11,18,0600,16.0
21,11,19,0000,20.0
21,11,20,1900,29.0
21,11,21,2200,15.0
21,11,22,2000,17.0
21,11,23,0700,11.0
21,11,24,1500,19.0
21,11,25,2100,16.0
21,11,26,2000,43.0
21,11,27,0200,57.0
21,11,28,2100,17.0
21,11,29,2200,44.0
21,11,30,0000,39.0
21,12,01,2200,28.0
21,12,02,1900,21.0
21,12,03,0600,28.0
21,12,04,2100,17.0
21,12,05,2200,16.0
21,12,06,2100,21.0
21,12,07,1800,18.0
21,12,08,2100,53.0
21,12,09,0500,21.0
21,12,10,1900,9.0
21,12,11,0600,13.0
21,12,12,2000,12.0
21,12,13,2000,22.0
21,12,14,2100,12.0
21,12,15,0500,14.0
21,12,16,0600,13.0
21,12,17,0500,13.0
21,12,18,2100,13.0
21,12,19,2200,8.0
21,12,20,0600,10.0
21,12,21,0600,13.0
21,12,22,2200,15.0
21,12,23,0100,12.0
21,12,24,1700,11.0
21,12,25,1800,7.0
21,12,26,1000,5.0
21,12,27,2200,11.0
21,12,28,2200,6.0
21,12,29,1000,10.0
21,12,30,2200,12.0
21,12,31,2200,26.0
22,01,01,0900,21.0
22,01,02,2100,19.0
22,01,03,1600,27.0
22,01,04,0000,13.0
22,01,05,0300,9.0
22,01,06,0600,8.0
22,01,07,0600,14.0
22,01,08,1800,8.0
22,01,09,0500,9.0
22,01,10,2100,9.0
22,01,11,0100,10.0
22,01,12,1600,6.0
22,01,13,0200,10.0
22,01,14,0800,7.0
22,01,15,2100,17.0
22,01,16,2200,21.0
22,01,17,2100,41.0
22,01,18,0000,35.0
22,01,19,0200,23.0
22,01,20,0700,21.0
22,01,21,0700,12.0
22,01,22,2300,19.0
22,01,23,0000,14.0
22,01,24,0600,14.0
22,01,25,0700,21.0
22,01,26,0600,10.0
22,01,27,0500,10.0
22,01,28,0100,9.0
22,01,29,1900,13.0
22,01,30,2000,19.0
22,01,31,0800,10.0
22,02,01,2300,13.0
22,02,02,0000,6.0
22,02,03,0900,9.0
22,02,04,0600,21.0
22,02,05,2100,18.0
22,02,06,0600,12.0
22,02,07,0800,8.0
22,02,08,0800,15.0
22,02,09,2200,14.0
22,02,10,2000,28.0
22,02,11,0000,14.0
22,02,12,2200,11.0
22,02,13,0300,9.0
22,02,14,0600,31.0
22,02,15,2000,25.0
22,02,16,2300,21.0
22,02,17,0000,13.0
22,02,18,2000,8.0
22,02,19,2000,13.0
22,02,20,1200,18.0
22,02,21,2000,13.0
22,02,22,2200,65.0
22,02,23,0700,36.0
22,02,24,0900,13.0
22,02,25,2000,26.0
22,02,26,2000,24.0
22,02,27,1800,19.0
22,02,28,0600,17.0
22,03,01,2000,13.0
22,03,02,1700,10.0
22,03,03,2000,20.0
22,03,04,0700,24.0
22,03,05,2200,59.0
22,03,06,1900,53.0
22,03,07,2300,76.0
22,03,08,0900,62.0
22,03,09,0000,40.0
22,03,10,2000,41.0
22,03,11,0600,32.0
22,03,12,1700,61.0
22,03,13,2200,16.0
22,03,14,0600,63.0
22,03,15,0700,46.0
22,03,16,2000,37.0
22,03,17,2300,44.0
22,03,18,2200,93.0
22,03,19,2000,180.0
22,03,20,0000,99.0
22,03,21,1900,26.0
22,03,22,2100,68.0
22,03,23,2100,100.0
22,03,24,2200,40.0
22,03,25,2100,91.0
22,03,26,0000,74.0
22,03,27,2000,56.0
22,03,28,1100,43.0
22,03,29,2300,114.0
22,03,30,2100,111.0
22,03,31,2100,42.0
22,04,01,0700,46.0
22,04,02,2300,82.0
22,04,03,1900,19.0
22,04,04,2100,34.0
22,04,05,1100,47.0
22,04,06,1900,47.0
22,04,07,2000,196.0
22,04,08,2300,153.0
22,04,09,0100,93.0
22,04,10,0700,36.0
22,04,11,2100,213.0
22,04,12,0300,96.0
22,04,13,1900,38.0
22,04,14,0700,180.0
22,04,15,0100,92.0
22,04,16,2100,119.0
22,04,17,1900,196.0
22,04,18,2300,61.0
22,04,19,2200,35.0
22,04,20,2100,54.0
22,04,21,2000,160.0
22,04,22,2100,82.0
22,04,23,2100,99.0
22,04,24,1100,106.0
22,04,25,2200,116.0
22,04,26,1800,58.0
22,04,27,2000,403.0
22,04,28,2100,261.0
22,04,29,0200,181.0
22,04,30,2000,89.0
22,05,01,2200,192.0
22,05,02,0800,102.0
22,05,03,2300,94.0
22,05,04,0700,58.0
22,05,05,0700,97.0
22,05,06,1900,196.0
22,05,07,1700,86.0
22,05,08,2100,48.0
22,05,09,0700,80.0
22,05,10,2200,413.0
22,05,11,0100,254.0
22,05,12,0100,137.0
22,05,13,2200,197.0
22,05,14,1900,431.0
22,05,15,2100,648.0
22,05,16,2200,987.0
22,05,17,2100,694.0
22,05,18,2000,1013.0
22,05,19,0000,630.0
22,05,20,0000,463.0
22,05,21,2200,179.0
22,05,22,0000,80.0
22,05,23,1800,82.0
22,05,24,0700,137.0
22,05,25,1800,200.0
22,05,26,0700,148.0
22,05,27,2200,261.0
22,05,28,0100,199.0
22,05,29,2000,561.0
22,05,30,2300,509.0
22,05,31,0000,260.0
22,06,01,1800,575.0
22,06,02,0000,463.0
22,06,03,0900,485.0
22,06,04,2300,213.0
22,06,05,0000,230.0
22,06,06,2000,384.0
22,06,07,0800,133.0
22,06,08,1600,351.0
22,06,09,1800,141.0
22,06,10,2100,332.0
22,06,11,2200,1106.0
22,06,12,0000,748.0
22,06,13,1900,273.0
22,06,14,2000,585.0
22,06,15,0700,212.0
22,06,16,1800,74.0
22,06,17,2200,47.0
22,06,18,2100,261.0
22,06,19,0200,115.0
22,06,20,2200,587.0
22,06,21,2200,564.0
22,06,22,0000,557.0
22,06,23,0000,695.0
22,06,24,0000,894.0
22,06,25,2100,780.0
22,06,26,0100,414.0
22,06,27,2200,256.0
22,06,28,1100,147.0
22,06,29,1900,255.0
22,06,30,1700,183.0
22,07,01,2000,239.0
22,07,02,1800,205.0
22,07,03,1600,233.0
22,07,04,2100,198.0
22,07,05,2200,378.0
22,07,06,2000,303.0
22,07,07,1600,288.0
22,07,08,1900,406.0
22,07,09,2000,145.0
22,07,10,2200,101.0
22,07,11,1900,235.0
22,07,12,2300,251.0
22,07,13,2100,274.0
22,07,14,0000,316.0
22,07,15,1700,268.0
22,07,16,1000,195.0
22,07,17,1900,133.0
22,07,18,0000,33.0
22,07,19,1300,78.0
22,07,20,1600,73.0
22,07,21,2300,268.0
22,07,22,2200,268.0
22,07,23,2300,343.0
22,07,24,0300,263.0
22,07,25,2000,466.0
22,07,26,0000,239.0
22,07,27,2200,135.0
22,07,28,0000,51.0
22,07,29,2300,94.0
22,07,30,1800,357.0
22,07,31,2200,141.0
22,08,01,2000,85.0
22,08,02,1900,182.0
22,08,03,0900,135.0
22,08,04,2100,231.0
22,08,05,2200,621.0
22,08,06,0000,397.0
22,08,07,2100,120.0
22,08,08,0700,253.0
22,08,09,1900,56.0
22,08,10,2100,68.0
22,08,11,2100,120.0
22,08,12,2300,61.0
22,08,13,1300,207.0
22,08,14,1800,85.0
22,08,15,1700,76.0
22,08,16,2000,112.0
22,08,17,0800,126.0
22,08,18,1200,24.0
22,08,19,2200,75.0
22,08,20,2200,319.0
22,08,21,1900,138.0
22,08,22,0800,80.0
22,08,23,0700,191.0
22,08,24,2000,64.0
22,08,25,1900,77.0
22,08,26,1800,72.0
22,08,27,2300,199.0
22,08,28,2200,357.0
22,08,29,2100,442.0
22,08,30,0000,76.0
22,08,31,2200,92.0
22,09,01,0200,35.0
22,09,02,0900,18.0
22,09,03,2100,18.0
22,09,04,2100,21.0
22,09,05,2300,98.0
22,09,06,1900,218.0
22,09,07,2000,139.0
22,09,08,0700,214.0
22,09,09,0700,52.0
22,09,10,2100,100.0
22,09,11,0000,128.0
22,09,12,1900,102.0
22,09,13,0100,88.0
22,09,14,0900,139.0
22,09,15,0900,133.0
22,09,16,2000,282.0
22,09,17,0700,94.0
22,09,18,0000,130.0
22,09,19,2300,92.0
22,09,20,2000,596.0
22,09,21,0000,164.0
22,09,22,2100,261.0
22,09,23,0000,70.0
22,09,24,2100,76.0
22,09,25,1800,52.0
22,09,26,1800,24.0
22,09,27,1900,47.0
22,09,28,0700,86.0
22,09,29,0600,121.0
22,09,30,0600,124.0
22,10,01,2000,273.0
22,10,02,1900,264.0
22,10,03,0600,130.0
22,10,04,1800,31.0
22,10,05,1800,44.0
22,10,06,1700,28.0
22,10,07,2100,94.0
22,10,08,0600,68.0
22,10,09,2200,42.0
22,10,10,2000,21.0
22,10,11,0700,26.0
22,10,12,0700,31.0
22,10,13,2100,37.0
22,10,14,2000,47.0
22,10,15,2200,51.0
22,10,16,2100,159.0
22,10,17,2100,87.0
22,10,18,0600,68.0
22,10,19,1900,42.0
22,10,20,2000,31.0
22,10,21,0600,62.0
22,10,22,2100,110.0
22,10,23,0100,61.0
22,10,24,2000,36.0
22,10,25,1900,61.0
22,10,26,2000,20.0
22,10,27,1800,30.0
22,10,28,1900,53.0
22,10,29,2000,57.0
22,10,30,2200,137.0
22,10,31,2200,30.0
22,11,01,2300,79.0
22,11,02,2000,107.0
22,11,03,0600,52.0
22,11,04,0600,39.0
22,11,05,0600,29.0
22,11,06,2000,46.0
22,11,07,2100,31.0
22,11,08,2200,28.0
22,11,09,1900,14.0
22,11,10,2100,28.0
22,11,11,0700,21.0
22,11,12,0100,27.0
22,11,13,2000,14.0
22,11,14,0500,40.0
22,11,15,1500,53.0
22,11,16,2300,41.0
22,11,17,2000,51.0
22,11,18,1900,20.0
22,11,19,2300,80.0
22,11,20,0000,59.0
22,11,21,0100,15.0
22,11,22,0300,22.0
22,11,23,2000,41.0
22,11,24,2000,23.0
22,11,25,0900,22.0
22,11,26,0200,40.0
22,11,27,0600,14.0
22,11,28,0500,44.0
22,11,29,2000,12.0
22,11,30,2200,21.0
22,12,01,2000,20.0
22,12,02,1000,22.0
22,12,03,2200,20.0
22,12,04,1900,29.0
22,12,05,0700,47.0
22,12,06,2200,59.0
22,12,07,0700,22.0
22,12,08,2100,39.0
22,12,09,1900,25.0
22,12,10,2100,53.0
22,12,11,2000,22.0
22,12,12,2100,18.0
22,12,13,2000,20.0
22,12,14,0100,16.0
22,12,15,2200,45.0
22,12,16,0600,16.0
22,12,17,2100,16.0
22,12,18,2100,17.0
22,12,19,2000,31.0
22,12,20,0600,32.0
22,12,21,2200,19.0
22,12,22,2100,21.0
22,12,23,2100,43.0
22,12,24,2000,20.0
22,12,25,0100,8.0
22,12,26,2100,16.0
22,12,27,2300,11.0
22,12,28,0700,10.0
22,12,29,0800,9.0
22,12,30,0700,11.0
22,12,31,2000,22.0
23,01,01,2000,14.0
23,01,02,2100,10.0
23,01,03,0700,7.0
23,01,04,0500,15.0
23,01,05,0700,6.0
23,01,06,1000,7.0
23,01,07,2200,21.0
23,01,08,0000,17.0
23,01,09,1900,11.0
23,01,10,1500,38.0
23,01,11,2200,19.0
23,01,12,2000,19.0
23,01,13,2000,13.0
23,01,14,2200,62.0
23,01,15,0000,20.0
23,01,16,0600,23.0
23,01,17,2200,30.0
23,01,18,0500,30.0
23,01,19,2200,12.0
23,01,20,0600,6.0
23,01,21,0900,5.0
23,01,22,0600,16.0
23,01,23,0600,20.0
23,01,24,0700,10.0
23,01,25,0000,8.0
23,01,26,2200,12.0
23,01,27,2100,12.0
23,01,28,2300,7.0
23,01,29,0000,8.0
23,01,30,2300,27.0
23,01,31,0600,14.0
23,02,01,0800,7.0
23,02,02,0700,8.0
23,02,03,0900,11.0
23,02,04,1400,8.0
23,02,05,2000,13.0
23,02,06,2300,13.0
23,02,07,0000,10.0
23,02,08,0800,7.0
23,02,09,0700,13.0
23,02,10,2000,22.0
23,02,11,1900,26.0
23,02,12,2000,12.0
23,02,13,2100,41.0
23,02,14,1700,21.0
23,02,15,2000,30.0
23,02,16,2100,94.0
23,02,17,0600,61.0
23,02,18,2100,9.0
23,02,19,1400,21.0
23,02,20,2300,19.0
23,02,21,2000,11.0
23,02,22,1200,16.0
23,02,23,1400,59.0
23,02,24,0900,24.0
23,02,25,1900,19.0
23,02,26,2100,16.0
23,02,27,1900,9.0
23,02,28,1600,10.0
23,03,01,2200,23.0
23,03,02,1600,81.0
23,03,03,1900,25.0
23,03,04,2000,44.0
23,03,05,0900,20.0
23,03,06,1400,27.0
23,03,07,2100,74.0
23,03,08,0000,53.0
23,03,09,0700,69.0
23,03,10,2000,77.0
23,03,11,0900,73.0
23,03,12,2000,32.0
23,03,13,1800,23.0
23,03,14,0900,29.0
23,03,15,0700,42.0
23,03,16,2200,113.0
23,03,17,1700,41.0
23,03,18,0000,50.0
23,03,19,2300,54.0
23,03,20,0600,125.0
23,03,21,2100,125.0
23,03,22,0000,28.0
23,03,23,0700,71.0
23,03,24,0500,30.0
23,03,25,2100,194.0
23,03,26,0300,25.0
23,03,27,2100,51.0
23,03,28,2200,131.0
23,03,29,0000,69.0
23,03,30,0700,192.0
23,03,31,0600,105.0
23,04,01,2100,135.0
23,04,02,2000,75.0
23,04,03,1900,40.0
23,04,04,2200,153.0
23,04,05,0900,88.0
23,04,06,1900,53.0
23,04,07,2300,187.0
23,04,08,0000,118.0
23,04,09,2000,34.0
23,04,10,2100,510.0
23,04,11,0000,449.0
23,04,12,2100,441.0
23,04,13,1900,519.0
23,04,14,0800,314.0
23,04,15,0200,124.0
23,04,16,2100,87.0
23,04,17,0600,74.0
23,04,18,2000,60.0
23,04,19,2300,59.0
23,04,20,0700,28.0
23,04,21,2100,181.0
23,04,22,0000,107.0
23,04,23,2100,310.0
23,04,24,0000,87.0
23,04,25,0700,133.0
23,04,26,2300,258.0
23,04,27,0000,167.0
23,04,28,1800,148.0
23,04,29,1800,28.0
23,04,30,0700,33.0
23,05,01,1900,69.0
23,05,02,2100,58.0
23,05,03,1200,20.0
23,05,04,0700,74.0
23,05,05,2000,144.0
23,05,06,1900,127.0
23,05,07,1900,63.0
23,05,08,0800,47.0
23,05,09,2200,261.0
23,05,10,0100,158.0
23,05,11,2200,37.0
23,05,12,1900,87.0
23,05,13,0900,130.0
23,05,14,1900,486.0
23,05,15,0000,147.0
23,05,16,1800,64.0
23,05,17,2000,33.0
23,05,18,1900,127.0
23,05,19,1800,103.0
23,05,20,2100,303.0
23,05,21,0000,260.0
23,05,22,2300,384.0
23,05,23,2000,483.0
23,05,24,1800,155.0
23,05,25,0000,71.0
23,05,26,2200,152.0
23,05,27,2000,82.0
23,05,28,2300,295.0
23,05,29,0000,340.0
23,05,30,0900,132.0
23,05,31,2300,61.0
23,06,01,1700,156.0
23,06,02,2100,173.0
23,06,03,1900,229.0
23,06,04,2000,140.0
23,06,05,0000,206.0
23,06,06,1800,65.0
23,06,07,1700,155.0
23,06,08,0700,124.0
23,06,09,2100,296.0
23,06,10,0000,210.0
23,06,11,1700,77.0
23,06,12,1700,93.0
23,06,13,0900,300.0
23,06,14,0900,100.0
23,06,15,2300,278.0
23,06,16,0800,432.0
23,06,17,0000,320.0
23,06,18,2200,512.0
23,06,19,2300,1020.0
23,06,20,0000,774.0
23,06,21,2100,431.0
23,06,22,1800,182.0
23,06,23,2200,344.0
23,06,24,2100,359.0
23,06,25,2100,396.0
23,06,26,2000,336.0
23,06,27,1500,487.0
23,06,28,2100,332.0
23,06,29,2100,350.0
23,06,30,2200,616.0
23,07,01,0000,586.0
23,07,02,1800,324.0
23,07,03,2300,135.0
23,07,04,0000,133.0
23,07,05,0900,143.0
23,07,06,2000,221.0
23,07,07,0100,192.0
23,07,08,2300,209.0
23,07,09,0300,215.0
23,07,10,1800,161.0
23,07,11,2200,145.0
23,07,12,2300,249.0
23,07,13,2200,664.0
23,07,14,1000,346.0
23,07,15,1900,137.0
23,07,16,1900,227.0
23,07,17,1900,273.0
23,07,18,1900,189.0
23,07,19,2200,265.0
23,07,20,1800,330.0
23,07,21,0800,303.0
23,07,22,0800,178.0
23,07,23,1800,177.0
23,07,24,0200,272.0
23,07,25,0900,391.0
23,07,26,1800,333.0
23,07,27,2300,254.0
23,07,28,1300,304.0
23,07,29,2100,60.0
23,07,30,2000,479.0
23,07,31,1100,239.0
23,08,01,2100,52.0
23,08,02,2200,34.0
23,08,03,1700,28.0
23,08,04,2200,56.0
23,08,05,2000,141.0
23,08,06,1800,148.0
23,08,07,2300,471.0
23,08,08,0100,180.0
23,08,09,1800,124.0
23,08,10,0000,177.0
23,08,11,2300,128.0
23,08,12,2100,384.0
23,08,13,0300,207.0
23,08,14,1900,178.0
23,08,15,2000,62.0
23,08,16,2100,162.0
23,08,17,1900,232.0
23,08,18,2000,486.0
23,08,19,0000,232.0
23,08,20,1800,120.0
23,08,21,2000,144.0
23,08,22,2000,83.0
23,08,23,1900,67.0
23,08,24,2200,108.0
23,08,25,2000,77.0
23,08,26,1800,44.0
23,08,27,2100,101.0
23,08,28,2000,43.0
23,08,29,2300,52.0
23,08,30,0800,80.0
23,08,31,2000,189.0
23,09,01,1800,62.0
23,09,02,1900,81.0
23,09,03,2100,304.0
23,09,04,0700,274.0
23,09,05,0700,376.0
23,09,06,2000,301.0
23,09,07,0800,136.0
23,09,08,2200,168.0
23,09,09,1100,129.0
23,09,10,1800,64.0
23,09,11,0100,64.0
23,09,12,0700,117.0
23,09,13,1900,107.0
23,09,14,1700,39.0
23,09,15,2100,70.0
23,09,16,0900,95.0
23,09,17,1900,105.0
23,09,18,2000,293.0
23,09,19,2000,317.0
23,09,20,2100,331.0
23,09,21,0700,256.0
23,09,22,0600,169.0
23,09,23,0700,107.0
23,09,24,2300,189.0
23,09,25,0000,137.0
23,09,26,1200,18.0
23,09,27,1800,70.0
23,09,28,2100,204.0
23,09,29,2200,241.0
23,09,30,0100,83.0
23,10,01,2000,64.0
23,10,02,1900,38.0
23,10,03,2100,31.0
23,10,04,1900,32.0
23,10,05,2000,61.0
23,10,06,0100,21.0
23,10,07,0700,17.0
23,10,08,1900,31.0
23,10,09,2100,36.0
23,10,10,2300,122.0
23,10,11,0500,36.0
23,10,12,0200,7.0
23,10,13,0500,5.0
23,10,14,0300,4.0
23,10,15,2300,61.0
23,10,16,0600,81.0
23,10,17,2100,141.0
23,10,18,0600,143.0
23,10,19,0600,17.0
23,10,20,2300,60.0
23,10,21,2200,92.0
23,10,22,2100,74.0
23,10,23,0600,165.0
23,10,24,1900,23.0
23,10,25,0700,16.0
23,10,26,2000,13.0
23,10,27,0900,43.0
23,10,28,2000,50.0
23,10,29,2300,104.0
23,10,30,0600,145.0
23,10,31,2300,132.0
23,11,01,2100,206.0
23,11,02,0000,36.0
23,11,03,1900,24.0
23,11,04,2000,45.0
23,11,05,2200,153.0
23,11,06,2200,191.0
23,11,07,0000,22.0
23,11,08,0100,23.0
23,11,09,2300,83.0
23,11,10,0600,47.0
23,11,11,2000,37.0
23,11,12,2100,19.0
23,11,13,1900,68.0
23,11,14,0700,30.0
23,11,15,0700,28.0
23,11,16,2000,28.0
23,11,17,1900,32.0
23,11,18,2100,54.0
23,11,19,2000,61.0
23,11,20,2000,30.0
23,11,21,1900,28.0
23,11,22,2000,28.0
23,11,23,2100,26.0
23,11,24,0500,37.0
23,11,25,1900,15.0
23,11,26,2300,70.0
23,11,27,0700,53.0
23,11,28,2100,22.0
23,11,29,1900,25.0
23,11,30,1900,20.0
23,12,01,2000,27.0
23,12,02,2000,39.0
23,12,03,2100,28.0
23,12,04,0600,18.0
23,12,05,0600,10.0
23,12,06,0500,21.0
23,12,07,0500,33.0
23,12,08,1400,28.0
23,12,09,0000,13.0
23,12,10,2100,17.0
23,12,11,1900,24.0
23,12,12,2000,15.0
23,12,13,2000,17.0
23,12,14,2100,24.0
23,12,15,1800,51.0
23,12,16,2100,55.0
23,12,17,2200,173.0
23,12,18,2300,38.0
23,12,19,2100,29.0
23,12,20,0600,21.0
23,12,21,0700,12.0
23,12,22,2000,14.0
23,12,23,2100,16.0
23,12,24,2100,24.0
23,12,25,0000,12.0
23,12,26,0600,18.0
23,12,27,2200,11.0
23,12,28,2100,10.0
23,12,29,0500,19.0
23,12,30,2100,11.0
23,12,31,2100,31.0
24,01,01,0000,41.0
24,01,02,1300,28.0
24,01,03,2100,13.0
24,01,04,2000,26.0
24,01,05,0700,21.0
24,01,06,2000,16.0
24,01,07,2100,21.0
24,01,08,0600,10.0
24,01,09,2000,17.0
24,01,10,0600,16.0
24,01,11,0500,16.0
24,01,12,2200,10.0
24,01,13,1700,9.0
24,01,14,0900,8.0
24,01,15,0000,8.0
24,01,16,0600,14.0
24,01,17,0800,24.0
24,01,18,0800,9.0
24,01,19,2000,16.0
24,01,20,0500,17.0
24,01,21,2100,13.0
24,01,22,2100,12.0
24,01,23,0600,16.0
24,01,24,1400,7.0
24,01,25,1900,13.0
24,01,26,1900,10.0
24,01,27,2100,11.0
24,01,28,0600,13.0
24,01,29,2000,11.0
24,01,30,0600,18.0
24,01,31,1700,11.0
24,02,01,0900,9.0
24,02,02,1200,13.0
24,02,03,2000,16.0
24,02,04,0700,9.0
24,02,05,0700,6.0
24,02,06,0800,12.0
24,02,07,2000,17.0
24,02,08,2100,25.0
24,02,09,2200,12.0
24,02,10,0700,19.0
24,02,11,2100,34.0
24,02,12,0500,19.0
24,02,13,0600,30.0
24,02,14,2100,29.0
24,02,15,0800,17.0
24,02,16,0600,20.0
24,02,17,2000,23.0
24,02,18,0600,10.0
24,02,19,2300,19.0
24,02,20,0000,14.0
24,02,21,2000,15.0
24,02,22,2200,23.0
24,02,23,2100,108.0
24,02,24,0600,37.0
24,02,25,0800,23.0
24,02,26,0700,14.0
24,02,27,0600,27.0
24,02,28,0800,26.0
24,02,29,0600,63.0
24,03,01,1900,16.0
24,03,02,2100,42.0
24,03,03,2200,52.0
24,03,04,2100,124.0
24,03,05,0900,66.0
24,03,06,0600,33.0
24,03,07,2100,69.0
24,03,08,1600,43.0
24,03,09,2000,45.0
24,03,10,2000,21.0
24,03,11,2300,82.0
24,03,12,2000,31.0
24,03,13,0700,73.0
24,03,14,1900,25.0
24,03,15,1300,33.0
24,03,16,1800,20.0
24,03,17,1100,12.0
24,03,18,0000,6.0
24,03,19,2200,4.0
24,03,20,2200,34.0
24,03,21,2000,148.0
24,03,22,1000,108.0
24,03,23,1000,173.0
24,03,24,2100,116.0
24,03,25,0800,98.0
24,03,26,2000,24.0
24,03,27,1900,52.0
24,03,28,2100,84.0
24,03,29,0900,27.0
24,03,30,2000,71.0
24,03,31,0700,71.0
24,04,01,0700,40.0
24,04,02,0800,87.0
24,04,03,1400,38.0
24,04,04,1800,31.0
24,04,05,0800,28.0
24,04,06,1800,25.0
24,04,07,2000,45.0
24,04,08,2000,110.0
24,04,09,2200,155.0
24,04,10,2300,449.0
24,04,11,2200,579.0
24,04,12,2300,407.0
24,04,13,1900,407.0
24,04,14,0000,257.0
24,04,15,0700,145.0
24,04,16,0000,57.0
24,04,17,2000,63.0
24,04,18,0700,79.0
24,04,19,0800,30.0
24,04,20,2100,111.0
24,04,21,2300,445.0
24,04,22,0000,399.0
24,04,23,2100,399.0
24,04,24,1900,245.0
24,04,25,2100,91.0
24,04,26,1900,69.0
24,04,27,1700,46.0
24,04,28,2200,119.0
24,04,29,0800,84.0
24,04,30,2300,72.0
24,05,01,2100,322.0
24,05,02,0000,154.0
24,05,03,0700,115.0
24,05,04,0800,156.0
24,05,05,2100,104.0
24,05,06,1500,142.0
24,05,07,2000,305.0
24,05,08,0800,179.0
24,05,09,1200,130.0
24,05,10,0800,175.0
24,05,11,2000,252.0
24,05,12,1900,300.0
24,05,13,0700,349.0
24,05,14,2300,852.0
24,05,15,0000,896.0
24,05,16,0000,652.0
24,05,17,2000,536.0
24,05,18,0000,595.0
24,05,19,0000,284.0
24,05,20,0800,299.0
24,05,21,0700,123.0
24,05,22,1900,236.0
24,05,23,1900,589.0
24,05,24,1800,638.0
24,05,25,2200,735.0
24,05,26,2100,882.0
24,05,27,0000,659.0
24,05,28,0900,311.0
24,05,29,2000,218.0
24,05,30,2200,549.0
24,05,31,0800,289.0
24,06,01,2200,505.0
24,06,02,0300,243.0
24,06,03,2200,391.0
24,06,04,0800,363.0
24,06,05,2100,293.0
24,06,06,0900,240.0
24,06,07,2300,243.0
24,06,08,1600,407.0
24,06,09,1800,302.0
24,06,10,0900,195.0
24,06,11,2200,321.0
24,06,12,1800,312.0
24,06,13,1800,200.0
24,06,14,0800,45.0
24,06,15,2100,76.0
24,06,16,1800,183.0
24,06,17,2000,191.0
24,06,18,2100,180.0
24,06,19,1000,132.0
24,06,20,2200,91.0
24,06,21,2300,448.0
24,06,22,1400,157.0
24,06,23,2300,863.0
24,06,24,0000,539.0
24,06,25,1800,145.0
24,06,26,1700,186.0
24,06,27,1800,411.0
24,06,28,2100,218.0
24,06,29,0000,196.0
24,06,30,0700,96.0
24,07,01,1900,241.0
24,07,02,0700,174.0
24,07,03,0900,79.0
24,07,04,2200,212.0
24,07,05,2300,201.0
24,07,06,2100,144.0
24,07,07,2000,286.0
24,07,08,2100,629.0
24,07,09,0100,466.0
24,07,10,2300,424.0
24,07,11,0200,169.0
24,07,12,1800,102.0
24,07,13,2000,479.0
24,07,14,1900,601.0
24,07,15,0000,188.0
24,07,16,1800,302.0
24,07,17,1300,308.0
24,07,18,2000,608.0
24,07,19,0100,164.0
24,07,20,1900,187.0
24,07,21,0000,49.0
24,07,22,1800,80.0
24,07,23,0800,352.0
24,07,24,1000,105.0
24,07,25,0100,50.0
24,07,26,2000,96.0
24,07,27,2200,106.0
24,07,28,1900,180.0
24,07,29,1800,103.0
24,07,30,2000,320.0
24,07,31,2200,293.0
24,08,01,1800,271.0
24,08,02,0000,202.0
24,08,03,2000,64.0
24,08,04,2000,259.0
24,08,05,1300,181.0
24,08,06,0700,179.0
24,08,07,2000,447.0
24,08,08,0700,81.0
24,08,09,1900,64.0
24,08,10,1900,80.0
24,08,11,2000,45.0
24,08,12,2300,150.0
24,08,13,2300,266.0
24,08,14,0700,118.0
24,08,15,2100,72.0
24,08,16,2300,158.0
24,08,17,2200,201.0
24,08,18,2000,278.0
24,08,19,2300,209.0
24,08,20,0800,357.0
24,08,21,2000,166.0
24,08,22,0700,118.0
24,08,23,2200,172.0
24,08,24,2100,170.0
24,08,25,1900,208.0
24,08,26,0800,61.0
24,08,27,2100,265.0
24,08,28,2100,133.0
24,08,29,2300,256.0
24,08,30,0000,231.0
24,08,31,2100,76.0
24,09,01,2000,121.0
24,09,02,0700,146.0
24,09,03,2000,37.0
24,09,04,0700,52.0
24,09,05,1800,42.0
24,09,06,0800,19.0
24,09,07,1900,28.0
24,09,08,1500,51.0
24,09,09,1800,54.0
24,09,10,0700,173.0
24,09,11,1900,37.0
24,09,12,2000,56.0
24,09,13,2000,96.0
24,09,14,0600,49.0
24,09,15,1900,36.0
24,09,16,2100,80.0
24,09,17,2100,34.0
24,09,18,1900,170.0
24,09,19,0000,55.0
24,09,20,2000,106.0
24,09,21,1900,77.0
24,09,22,2300,51.0
24,09,23,2000,33.0
24,09,24,0600,60.0
24,09,25,1800,27.0
24,09,26,2000,17.0
24,09,27,1800,22.0
24,09,28,1900,47.0
24,09,29,2100,64.0
24,09,30,2000,109.0
24,10,01,2200,112.0
24,10,02,0600,104.0
24,10,03,2200,90.0
24,10,04,2000,82.0
24,10,05,2100,106.0
24,10,06,2100,163.0
24,10,07,2000,30.0
24,10,08,0600,140.0
24,10,09,0600,89.0
24,10,10,2300,96.0
24,10,11,1800,37.0
24,10,12,0700,28.0
24,10,13,2300,35.0
24,10,14,0600,155.0
24,10,15,2000,95.0
24,10,16,0600,92.0
24,10,17,2100,39.0
24,10,18,2300,97.0
24,10,19,2000,139.0
24,10,20,0000,72.0
24,10,21,2000,24.0
24,10,22,1900,17.0
24,10,23,0600,10.0
24,10,24,1900,32.0
24,10,25,2000,24.0
24,10,26,2000,24.0
24,10,27,2000,16.0
24,10,28,2000,34.0
24,10,29,2100,40.0
24,10,30,2000,18.0
24,10,31,2300,22.0
24,11,01,1800,32.0
24,11,02,2300,60.0
24,11,03,2000,44.0
24,11,04,2000,48.0
24,11,05,0900,70.0
24,11,06,2100,141.0
24,11,07,0800,33.0
24,11,08,2100,35.0
24,11,09,2000,27.0
24,11,10,2100,28.0
24,11,11,2000,21.0
24,11,12,2000,20.0
24,11,13,2000,19.0
24,11,14,0600,17.0
24,11,15,0900,26.0
24,11,16,2000,31.0
24,11,17,2100,52.0
24,11,18,2100,63.0
24,11,19,0500,29.0
24,11,20,2300,21.0
24,11,21,2300,42.0
24,11,22,0000,44.0
24,11,23,2000,25.0
24,11,24,2200,40.0
24,11,25,1900,39.0
24,11,26,2100,53.0
24,11,27,0500,35.0
24,11,28,2200,63.0
24,11,29,2100,67.0
24,11,30,2000,10.0
24,12,01,2000,30.0
24,12,02,2300,51.0
24,12,03,0500,33.0
24,12,04,1800,27.0
24,12,05,1800,49.0
24,12,06,2100,124.0
24,12,07,2100,71.0
24,12,08,2200,31.0
24,12,09,0000,57.0
24,12,10,0500,14.0
24,12,11,2100,14.0
24,12,12,0700,13.0
24,12,13,2300,18.0
24,12,14,2100,38.0
24,12,15,0000,8.0
24,12,16,0800,19.0
24,12,17,0300,10.0
24,12,18,1900,10.0
24,12,19,1900,23.0
24,12,20,2000,15.0
24,12,21,0500,26.0
24,12,22,2000,15.0
24,12,23,2200,31.0
24,12,24,2000,26.0
24,12,25,0000,32.0
24,12,26,0500,5.0
24,12,27,2100,42.0
24,12,28,0600,21.0
24,12,29,0600,10.0
24,12,30,1000,12.0
24,12,31,1800,25.0
25,01,01,0200,62.0
25,01,02,0000,4.0
25,01,03,0700,4.0
25,01,04,2300,19.0
25,01,05,0000,6.0
25,01,06,0600,17.0
25,01,07,0900,4.0
25,01,08,2000,8.0
25,01,09,0600,15.0
25,01,10,0600,12.0
25,01,11,0400,5.0
25,01,12,2100,7.0
25,01,13,2100,10.0
25,01,14,2000,21.0
25,01,15,2100,10.0
25,01,16,2000,8.0
25,01,17,1300,52.0
25,01,18,0600,16.0
25,01,19,0000,7.0
25,01,20,0700,19.0
25,01,21,0600,8.0
25,01,22,0600,20.0
25,01,23,2000,16.0
25,01,24,1600,6.0
25,01,25,1100,6.0
25,01,26,1100,17.0
25,01,27,1900,13.0
25,01,28,0800,10.0
25,01,29,2200,11.0
25,01,30,0600,18.0
25,01,31,2000,16.0
25,02,01,0000,11.0
25,02,02,2100,19.0
25,02,03,2300,42.0
25,02,04,0600,27.0
25,02,05,0900,36.0
25,02,06,2000,22.0
25,02,07,0800,44.0
25,02,08,2200,51.0
25,02,09,2000,55.0
25,02,10,2000,21.0
25,02,11,2300,27.0
25,02,12,0000,29.0
25,02,13,0600,28.0
25,02,14,2200,40.0
25,02,15,0600,20.0
25,02,16,2100,22.0
25,02,17,0600,41.0
25,02,18,2100,15.0
25,02,19,0700,10.0
25,02,20,0700,17.0
25,02,21,2200,7.0
25,02,22,2100,20.0
25,02,23,0900,29.0
25,02,24,1700,9.0
25,02,25,2000,102.0
25,02,26,0700,54.0
25,02,27,2100,29.0
25,02,28,0900,41.0
25,03,01,2000,60.0
25,03,02,1900,39.0
25,03,03,2000,115.0
25,03,04,0700,94.0
25,03,05,2100,59.0
25,03,06,0800,61.0
25,03,07,0600,52.0
25,03,08,2000,70.0
25,03,09,2100,51.0
25,03,10,2000,40.0
25,03,11,1900,35.0
25,03,12,0700,59.0
25,03,13,2000,81.0
25,03,14,0500,60.0
25,03,15,2100,34.0
25,03,16,1400,24.0
25,03,17,2300,80.0
25,03,18,0600,80.0
25,03,19,1900,32.0
25,03,20,0900,22.0
25,03,21,2000,132.0
25,03,22,2300,66.0
25,03,23,0000,72.0
25,03,24,2100,177.0
25,03,25,2000,123.0
25,03,26,0700,130.0
25,03,27,1900,47.0
25,03,28,0700,44.0
25,03,29,1100,74.0
25,03,30,0700,4.0
25,03,31,0200,6.0
25,04,01,2300,16.0
25,04,02,0700,178.0
25,04,03,2300,218.0
25,04,04,2100,337.0
25,04,05,2100,407.0
25,04,06,0100,149.0
25,04,07,2100,259.0
25,04,08,2100,355.0
25,04,09,2000,282.0
25,04,10,0700,110.0
25,04,11,2100,84.0
25,04,12,2300,104.0
25,04,13,1800,112.0
25,04,14,1900,50.0
25,04,15,2200,162.0
25,04,16,0000,133.0
25,04,17,2200,83.0
25,04,18,2200,161.0
25,04,19,2000,268.0
25,04,20,1100,176.0
25,04,21,2000,319.0
25,04,22,1500,100.0
25,04,23,0700,255.0
25,04,24,0000,146.0
25,04,25,1700,46.0
25,04,26,1700,29.0
25,04,27,2100,40.0
25,04,28,0600,128.0
25,04,29,2300,81.0
25,04,30,1900,428.0
25,05,01,0800,137.0
25,05,02,2000,100.0
25,05,03,2200,199.0
25,05,04,0800,120.0
25,05,05,1900,283.0
25,05,06,1800,87.0
25,05,07,0800,164.0
25,05,08,2000,165.0
25,05,09,2200,156.0
25,05,10,1900,44.0
25,05,11,2200,241.0
25,05,12,1900,52.0
25,05,13,0700,76.0
25,05,14,1900,49.0
25,05,15,1900,104.0
25,05,16,1600,139.0
25,05,17,0000,253.0
25,05,18,0700,85.0
25,05,19,2000,421.0
25,05,20,0900,174.0
25,05,21,1800,97.0
25,05,22,2100,380.0
25,05,23,0000,130.0
25,05,24,2200,153.0
25,05,25,2100,257.0
25,05,26,1900,80.0
25,05,27,1800,106.0
25,05,28,1800,195.0
25,05,29,0800,164.0
25,05,30,1800,43.0
25,05,31,2000,69.0
25,06,01,1100,130.0
25,06,02,2100,248.0
25,06,03,0800,128.0
25,06,04,2000,63.0
25,06,05,2100,298.0
25,06,06,2200,664.0
25,06,07,0000,514.0
25,06,08,0900,387.0
25,06,09,1800,565.0
25,06,10,2200,1009.0
25,06,11,2100,856.0
25,06,12,0000,177.0
25,06,13,2200,93.0
25,06,14,1200,146.0
25,06,15,1700,156.0
25,06,16,0800,71.0
25,06,17,0800,182.0
25,06,18,2100,93.0
25,06,19,2200,112.0
25,06,20,0800,91.0
25,06,21,2300,96.0
25,06,22,2100,269.0
25,06,23,2100,41.0
25,06,24,2000,163.0
25,06,25,1600,53.0
25,06,26,1900,213.0
25,06,27,2300,200.0
25,06,28,1700,218.0
25,06,29,2300,325.0
25,06,30,2000,324.0
25,07,01,0100,354.0
25,07,02,2000,167.0
25,07,03,2100,307.0
25,07,04,1900,517.0
25,07,05,2200,634.0
25,07,06,0900,427.0
25,07,07,1300,295.0
25,07,08,1900,102.0
25,07,09,1800,76.0
25,07,10,0000,38.0
25,07,11,1800,140.0
25,07,12,2300,143.0
25,07,13,2000,207.0
25,07,14,0900,151.0
25,07,15,0900,122.0
25,07,16,2200,74.0
25,07,17,1700,182.0
25,07,18,2000,56.0
25,07,19,2000,84.0
25,07,20,1900,344.0
25,07,21,2200,137.0
25,07,22,2200,268.0
25,07,23,1800,470.0
25,07,24,1700,284.0
25,07,25,2300,72.0
25,07,26,0800,244.0
25,07,27,0000,215.0
25,07,28,2200,267.0
25,07,29,1700,285.0
25,07,30,0900,314.0
25,07,31,1200,187.0
25,08,01,1800,288.0
25,08,02,2200,197.0
25,08,03,1900,308.0
25,08,04,0900,449.0
25,08,05,0600,161.0
25,08,06,1800,77.0
25,08,07,2200,319.0
25,08,08,1900,772.0
25,08,09,1000,334.0
25,08,10,2000,250.0
25,08,11,1400,169.0
25,08,12,2000,401.0
25,08,13,2100,837.0
25,08,14,0800,539.0
25,08,15,2000,327.0
25,08,16,1900,297.0
25,08,17,2200,409.0
25,08,18,0700,412.0
25,08,19,2100,66.0
25,08,20,0600,90.0
25,08,21,1000,61.0
25,08,22,0600,93.0
25,08,23,2000,61.0
25,08,24,2000,80.0
25,08,25,0900,54.0
25,08,26,0700,47.0
25,08,27,2000,340.0
25,08,28,1900,284.0
25,08,29,1900,155.0
25,08,30,0700,242.0
25,08,31,2100,84.0
25,09,01,0600,114.0
25,09,02,2100,36.0
25,09,03,2000,236.0
25,09,04,2100,145.0
25,09,05,2100,274.0
25,09,06,2300,301.0
25,09,07,0200,122.0
25,09,08,0800,149.0
25,09,09,2000,128.0
25,09,10,0000,33.0
25,09,11,1900,181.0
25,09,12,0800,169.0
25,09,13,1900,49.0
25,09,14,1900,37.0
25,09,15,2100,187.0
25,09,16,2100,208.0
25,09,17,0900,117.0
25,09,18,2200,97.0
25,09,19,2100,353.0
25,09,20,0000,142.0
25,09,21,0700,31.0
25,09,22,2200,59.0
25,09,23,2000,335.0
25,09,24,1900,225.0
25,09,25,0600,181.0
25,09,26,1000,31.0
25,09,27,0800,87.0
25,09,28,1600,79.0
25,09,29,2100,74.0
25,09,30,2000,43.0
25,10,01,1900,30.0
25,10,02,0600,54.0
25,10,03,1300,237.0
25,10,04,0000,130.0
25,10,05,0200,105.0
25,10,06,0700,37.0
25,10,07,0700,37.0
25,10,08,1600,84.0
25,10,09,1900,48.0
25,10,10,2100,130.0
25,10,11,0600,66.0
25,10,12,1900,19.0
25,10,13,1900,42.0
25,10,14,2000,54.0
25,10,15,2000,32.0
25,10,16,2200,60.0
25,10,17,0600,176.0
25,10,18,2000,35.0
25,10,19,0000,52.0
25,10,20,0900,31.0
25,10,21,2000,43.0
25,10,22,0900,24.0
25,10,23,2100,61.0
25,10,24,0000,41.0
25,10,25,2200,92.0
25,10,26,0100,82.0
25,10,27,0600,125.0
25,10,28,0000,90.0
25,10,29,0600,53.0
25,10,30,1900,21.0
25,10,31,2000,16.0
25,11,01,2200,46.0
25,11,02,2000,76.0
25,11,03,0600,38.0
25,11,04,2200,38.0
25,11,05,0600,30.0
25,11,06,0600,31.0
25,11,07,0600,26.0
25,11,08,2100,54.0
25,11,09,2000,48.0
25,11,10,0000,12.0
25,11,11,0700,12.0
25,11,12,1700,11.0
25,11,13,2000,15.0
25,11,14,1900,10.0
25,11,15,2100,32.0
25,11,16,1900,20.0
25,11,17,1900,19.0
25,11,18,2200,22.0
25,11,19,2000,42.0
25,11,20,0000,33.0
25,11,21,2100,21.0
25,11,22,2100,24.0
25,11,23,2100,6.0
25,11,24,0800,12.0
25,11,25,0600,16.0
25,11,26,2000,16.0
25,11,27,2000,51.0
25,11,28,0600,32.0
25,11,29,0600,24.0
25,11,30,1800,10.0
25,12,01,2100,10.0
25,12,02,0700,10.0
25,12,03,2000,30.0
25,12,04,1600,15.0
25,12,05,2000,17.0
25,12,06,2200,59.0
25,12,07,0000,36.0
25,12,08,2300,5.0
25,12,09,1400,5.0
25,12,10,1600,40.0
25,12,11,2000,14.0
25,12,12,2100,17.0
25,12,13,2000,17.0
25,12,14,1600,20.0
25,12,15,0600,13.0
25,12,16,2000,11.0
25,12,17,2000,12.0
25,12,18,2100,11.0
25,12,19,2100,16.0
25,12,20,0800,16.0
25,12,21,2100,14.0
25,12,22,1300,11.0
25,12,23,2100,9.0
25,12,24,2000,22.0
25,12,25,1900,17.0
25,12,26,1800,9.0
25,12,27,1200,6.0
25,12,28,0900,7.0
25,12,29,1000,8.0
25,12,30,0900,6.0
25,12,31,2100,33.0
26,01,01,0400,19.0
26,01,02,0200,5.0
26,01,03,2200,15.0
26,01,04,1000,24.0
26,01,05,0600,16.0
26,01,06,0700,15.0
26,01,07,2300,21.0
26,01,08,0000,19.0
26,01,09,1100,14.0
26,01,10,0500,7.0
26,01,11,1600,5.0
26,01,12,1400,12.0
26,01,13,0700,9.0
26,01,14,1000,8.0
26,01,15,1000,8.0
26,01,16,0700,15.0
26,01,17,2100,17.0
26,01,18,0500,14.0
26,01,19,0700,6.0
26,01,20,0600,7.0
26,01,21,0600,10.0
26,01,22,2100,25.0
26,01,23,0500,20.0
26,01,24,0300,7.0
26,01,25,0500,8.0
26,01,26,0500,13.0
26,01,27,0600,13.0
26,01,28,2100,10.0
26,01,29,0500,24.0
26,01,30,2300,8.0
26,01,31,0000,6.0
26,02,01,0600,10.0
26,02,02,0600,13.0
26,02,03,1400,13.0
26,02,04,2100,34.0
26,02,05,0000,13.0
26,02,06,2000,15.0
26,02,07,2100,6.0
26,02,08,0600,9.0
26,02,09,1500,12.0
26,02,10,2100,42.0
26,02,11,1900,24.0
26,02,12,2300,79.0
26,02,13,0000,48.0
26,02,14,2100,18.0
26,02,15,0500,20.0
26,02,16,2100,60.0
26,02,17,0900,17.0
26,02,18,1800,13.0
26,02,19,2000,12.0
26,02,20,2200,14.0
26,02,21,0600,41.0
26,02,22,2200,6.0
26,02,23,2300,22.0
26,02,24,0700,53.0
26,02,25,2200,47.0
26,02,26,0700,13.0
26,02,27,0600,32.0
26,02,28,1200,15.0
26,03,01,1900,32.0
26,03,02,1900,13.0
26,03,03,0900,64.0
26,03,04,2000,30.0
26,03,05,0600,59.0
26,03,06,2000,84.0
26,03,07,0700,63.0
26,03,08,0900,44.0
26,03,09,0600,35.0
26,03,10,0600,43.0
26,03,11,0600,60.0
26,03,12,0700,31.0
26,03,13,2300,56.0
26,03,14,1000,69.0
26,03,15,1900,23.0
26,03,16,1900,34.0
26,03,17,2000,38.0
26,03,18,2000,71.0
26,03,19,1900,78.0
26,03,20,1900,33.0
26,03,21,1500,60.0
26,03,22,1800,44.0
26,03,23,1900,30.0
26,03,24,0700,31.0
26,03,25,0600,20.0
26,03,26,0900,4.0
26,03,27,0400,4.0
26,03,28,2200,86.0
26,03,29,1900,76.0
26,03,30,0700,92.0
26,03,31,0900,36.0
26,04,01,1900,23.0
26,04,02,1600,25.0
26,04,03,1900,59.0
26,04,04,2000,456.0
26,04,05,0000,217.0
26,04,06,2100,70.0
26,04,07,0600,72.0
26,04,08,0700,39.0
26,04,09,1700,20.0
26,04,10,1900,38.0
26,04,11,2100,42.0
26,04,12,0700,31.0
26,04,13,2000,229.0
26,04,14,1900,33.0
26,04,15,1900,226.0
26,04,16,0000,120.0
26,04,17,1900,79.0
26,04,18,2100,96.0
26,04,19,0700,42.0
26,04,20,1900,159.0
26,04,21,2100,80.0
26,04,22,0800,85.0
26,04,23,2000,36.0
26,04,24,1800,31.0
26,04,25,2300,174.0
26,04,26,0000,105.0
26,04,27,2100,254.0
26,04,28,1100,138.0
26,04,29,1900,61.0
26,04,30,2100,122.0
26,05,01,2200,175.0
26,05,02,0800,140.0
26,05,03,0100,125.0
26,05,04,2000,38.0
26,05,05,1900,307.0
26,05,06,1900,249.0
26,05,07,1900,534.0
26,05,08,2000,663.0
26,05,09,0000,428.0
26,05,10,1100,56.0
26,05,11,2300,72.0
26,05,12,0700,240.0
26,05,13,0500,72.0
26,05,14,1900,72.0
26,05,15,0800,127.0
26,05,16,0200,96.0
26,05,17,0800,189.0
26,05,18,0800,167.0
26,05,19,2000,1125.0
26,05,20,1900,758.0
26,05,21,2100,835.0
26,05,22,2000,808.0
26,05,23,0900,374.0
